creator_id,name,slug,games_count
3,Dan Houser,dan-houser,30
9,Leslie Benzies,leslie-benzies,17
8,Aaron Garbut,aaron-garbut,15
11,Adam Fowler,adam-fowler,14
2,Rupert Humphries,rupert-humphries,9
1,Michael Unsworth,michael-unsworth,7
4,Woody Jackson,woody-jackson,6
7,Oh No,oh-no,5
6,Tangerine Dream,tangerine-dream,4
5,Daniel Alan Maman,the-alchemist,4
10,Imran Sarwar,imran-sarwar,4
80,Adam Skorupa,adam-skorupa,15
17,Marcin Przybyłowicz,marcin-przybylowicz,14
16981,James Daly,james-daly,10
12,Marcin Blacha,marcin-blacha,9
79,Krzysztof Wierzynkiewicz,krzysztof-wierzynkiewicz,9
26129,Piotr Adamczyk,piotr-adamczyk,8
78,Adam Badowski,adam-badowski,7
18,Mikolai Stroinski,mikolai-stroinski,7
14,Konrad Tomaszkiewicz,konrad-tomaszkiewicz,6
15,Sebastian Stępień,sebastian-stepien,6
1314,Mikołaj Stroiński,mikolaj-stroinski,4
13,Mateusz Tomaszkiewicz,mateusz-tomaszkiewicz,4
22,Grzegorz Mocarski,grzegorz-mocarski,4
17724,"Adam ""Scorpik"" Skorupa",adam-scorpik-skorupa,4
16,Mateusz Kanik,mateusz-kanik,4
26524,Andrzej Sapkowski,andrzej-sapkowski,3
21,Jędrzej Mróz,jedrzej-mroz,3
81,Maciej Szcześnik,maciej-szczesnik,3
82,Tomasz Wójcik,tomasz-wojcik,3
797,Grzegorz Mazur,grzegorz-mazur,3
5873,Paweł Sasko,pawel-sasko,3
5988,David Christiansen,david-christiansen,3
14024,Gene Rozenberg,gene-rozenberg,3
19881,Gene M. Rozenberg (arrangements),gene-m-rozenberg-arrangements,3
26130,Jakub Szamałek,jakub-szamalek,2
23,Matthew Steinke,matthew-steinke,2
327,Jan Bartkowicz,jan-bartkowicz,2
21640,Richard Dekkard,richard-dekkard,2
22405,Michał Dobrowolski,michal-dobrowolski,2
22406,Damien Monnier,damien-monnier,2
22408,Katarzyna Redesiuk,katarzyna-redesiuk,2
20,Piotr Krzywonosiuk,piotr-krzywonosiuk,2
11808,Marcin Kruczkiewicz,marcin-kruczkiewicz,2
19,Marian Chomiak,marian-chomiak,1
4000,Rick Johnson,rick-johnson,24
31,Gabe Newell,gabe-newell,24
3559,Eric Smith,eric-smith,20
8912,Michael Abrash,michael-abrash,18
28,Mike Morasky,mike-morasky,15
1964,Chris Green,chris-green,15
27,Joshua Weier,joshua-weier,15
37,Marc Laidlaw,marc-laidlaw,15
4189,Jim Hughes,jim-hughes,15
44,Tim Larkin,tim-larkin,14
63,Robin Walker,robin-walker,14
18119,Matt Scott,matt-scott,14
26,Erik Wolpaw,erik-wolpaw,13
27630,David Speyrer,david-speyrer,12
13528,Jeep Barnett,jeep-barnett,12
3272,Dario Casali,dario-casali-the-plutonia-experiment,11
42,Erik Johnson,erik-johnson,11
19735,Jay Stelly,jay-stelly,11
13527,Dave Kircher,dave-kircher,10
25,Chet Faliszek,chet-faliszek,10
29,Randy Lundeen,randy-lundeen,10
13530,Garret Rickey,garret-rickey,10
18484,Tristan Reidford,tristan-reidford,9
1942,Doug Church,doug-church,9
341,Jess Cliffe,jess-cliffe,9
2492,Brandon Reinhart,brandon-reinhart,9
17271,Matt Charlesworth,matt-charlesworth,7
1395,Chris Carollo,chris-carollo,7
24,Jay Pinkerton,jay-pinkerton,7
22921,Max Aristov,max-aristov,6
25417,Jonathan Coulton,jonathan-coulton,5
16630,Jeffrey Brown,jeffrey-brown,5
13457,"Pongthep ""Bank"" Charnchaichujit",pongthep-bank-charnchaichujit,5
13455,Tejeev Kohli,tejeev-kohli,5
13453,Brett English,brett-english,5
250,Erik Robson,erik-robson,5
30,Jeremy Bennett,jeremy-bennett,4
25418,Ellen McLain,ellen-mclain,3
32,Michael Booth,michael-booth,3
1644,Robin Cox,robin-cox,2
3602,James Cunliffe,james-cunliffe,16
10998,Darren Bartlett,darren-bartlett,8
4093,Jeff Pobst,jeff-pobst,7
2844,Michael Austin,michael-austin,6
1912,Matt Hansen,matt-hansen,5
22026,Marc Behm,marc-behm,5
19473,Steven Kramer,steven-kramer,4
88,Jason Graves,jason-graves,60
84,Rhianna Pratchett,rhianna-pratchett,12
89,Brian Horton,brian-horton,12
85,Noah Hughes,noah-hughes,11
83,Susan O'Connor,susan-oconnor,7
91,Scott Krotz,scott-krotz,5
86,Daniel Neuburger,daniel-neuburger,4
87,Daniel Chayer,daniel-chayer,3
90,Kyle Peschel,kyle-peschel,3
21480,John Stafford,john-stafford,3
3156,Jim Dose,jim-dose,41
38,Kelly Bailey,kelly-bailey,10
62,Kim Swift,kim-swift,9
2156,Nathan Fulton,nathan-fulton,2
13529,Scott Klintworth,scott-klintworth,2
24519,Bey Bickerton,bey-bickerton,13
8620,Garret Randell,garret-randell,3
7667,Sean Brown,sean-brown,2
11612,Rob Nelson,rob-nelson,6
25478,Phil Hooker,phil-hooker,2
47,Jeremy Soule,jeremy-soule,66
46,Todd Howard,todd-howard,23
45,Emil Pagliarulo,emil-pagliarulo,16
53,Guy Carver,guy-carver,11
49,Ashley Cheng,ashley-cheng,7
48,Matthew Carofano,matthew-carofano,7
52,Bruce Nesmith,bruce-nesmith,6
50,Craig Lafferty,craig-lafferty,4
51,Kurt Kuhlmann,kurt-kuhlmann,3
22699,Viktor Antonov,viktor-antonov,14
25475,Chris Rhinehart,chris-rhinehart,17
35,Garry Schyman,garry-schyman,15
33,Ken Levine,ken-levine,9
25476,Randy Redetzke,randy-redetzke,7
34,Scott Sinclair,scott-sinclair,3
36,Christopher Kline,christopher-kline,2
70,Cris Velasco,cris-velasco,57
72,Jesper Kyd,jesper-kyd,49
69,Sascha Dikiciyan,sonic-mayhem,46
67,Kevin Riepl,kevin-riepl,27
76,Randy Pitchford,randy-pitchford,24
77,Steven Jones,steven-jones,10
73,Jeramy Cooke,jeramy-cooke,9
68,Raison Varner,raison-varner,8
74,Sean Reardon,sean-reardon,7
66,Paul Hellquist,paul-hellquist,5
65,Anthony Burch,anthony-burch,5
75,Matt Charles,matt-charles,1
614,Michel Koch,michel-koch,4
20454,Raoul Barbet,raoul-barbet,3
20990,Christian Divine,christian-divine,2
20991,Jean-Luc Cano,jean-luc-cano,2
20993,Luc Baghadoust,luc-baghadoust,2
22788,Syd Matters,syd-matters,1
22789,Jonathan Morali,jonathan-morali,1
22790,Baptiste Moisan,baptiste-moisan,1
22791,Sebastien Judit,sebastien-judit,1
22792,Sebastien Gaillard,sebastien-gaillard,1
22793,Kenny Laurent,kenny-laurent,1
22794,Amaury Balandier,amaury-balandier,1
9518,Rowan Wyborn,rowan-wyborn,2
2177,Cory Barlog,cory-barlog,17
1459,Bear McCreary,bear-mccreary,14
2179,Richard Zangrande Gaubert,richard-gaubert,7
2336,Matt Sophos,matt-sophos,7
2178,Matthew Sophos,matthew-sophos,5
28779,Richard Zangrande Gaubert,richard-zangrande-gaubert,3
28784,Chad Cox,chad-cox,2
28781,Yumi Yang,yumi-yang,2
28786,Florian Strauss,florian-strauss,1
28780,Derek Daniels,derek-daniels,1
28782,Elizabeth Dahm Wang,elizabeth-dahm-wang,1
28783,Sean Llewellyn,sean-llewellyn,1
28785,Eric Fong,eric-fong,1
934,Michael Salvatori,michael-salvatori,30
467,James Tsai,james-tsai,18
936,C Paul Johnson,c-paul-johnson,17
939,Christopher Barrett,christopher-barrett,17
945,Luke Smith,luke-smith,16
947,Tyson Green,tyson-green,16
942,Sage Merrill,sage-merrill,15
941,Del Chafe III,del-chafe-iii,14
951,Chris Butcher,chris-butcher,12
943,Lars Bakken,lars-bakken,11
1710,Skye Lewin,skye-lewin,7
23300,Ryan Ellis,ryan-ellis,6
1712,Michael Zak,michael-zak,6
1713,Jason Harris,jason-harris,6
1714,Christine Thompson,christine-thompson,6
1711,Shiek Wang,shiek-wang,6
23301,Patrick O'Kelly,patrick-okelly,5
23298,M.E. Chung,me-chung,5
23299,Chris Opdalh,chris-opdalh,3
1716,Gavin Irby,gavin-irby,2
1715,Jacob Benton,jacob-benton,2
135,Inon Zur,inon-zur,73
133,Istvan Pely,istvan-pely,14
134,Jeff Gardiner,jeff-gardiner,4
60,Martin Stig Andersen,martin-stig-andersen,4
55,Jeppe Carlsen,jeppe-carlsen,2
61,Thomas Krog,thomas-krog,2
59,Mads Wibroe,mads-wibroe,2
54,Arnt Jensen,arnt-jensen,2
58,Dino Christian Patti,dino-christian-patti,2
57,Stine Sørensen,stine-sorensen,1
56,Morten Christian Bramsen,morten-christian-bramsen,1
96,Simon Viklund,simon-viklund,7
95,Gustaf Grefberg,gustaf-grefberg,6
93,Ulf Andersson,ulf-andersson,5
92,David Goldfarb,david-goldfarb,4
94,Almir Listo,almir-listo,1
64,John Cook,john-cook,5
2504,Kevin Cloud,kevin-cloud,39
1191,Tim Willits,tim-willits,34
2510,Robert A. Duffy,robert-a-duffy,27
7798,Marty Stratton,marty-stratton,26
149,Mick Gordon,mick-gordon,18
1913,John Roberts,john-roberts,18
1812,Rik Schaffer,rik-schaffer,17
6046,Darin McNeil,darin-mcneil,16
3101,Todd Vaughn,todd-vaughn,14
4399,Patrick Hook,patrick-hook,14
11912,Andrew Morris,andrew-morris,11
370,Timothy Bell,timothy-bell,11
3982,Billy Ethan Khan,billy-ethan-khan,11
6264,Neill Glancy,neill-glancy,11
628,David Mertz,david-mertz,11
25258,Matthew Nelson,matthew-nelson,10
20373,Robert Walker,robert-walker,10
21676,Jason O'Connell,jason-oconnell,10
7482,Phil Wattenbarger,phil-wattenbarger,9
21261,Alex Chrisman,alex-chrisman,9
144,Jerk Gustafsson,jerk-gustafsson,9
6311,Max Hoberman,max-hoberman,8
143,Fredrik Ljungdahl,fredrik-ljungdahl,7
1390,Whitney Ayres,whitney-ayres,7
4065,Magnus Auvinen,magnus-auvinen,7
9382,Chip Patterson,chip-patterson,7
24207,Allen Bogue,allen-bogue,7
21679,Jim Kjellin,jim-kjellin,6
976,Jonathan Heckley,jonathan-heckley,6
4851,Nicholas Siren,nicholas-siren,6
2561,Corey G. May,corey-g-may,6
1950,Shinsaku Ohara,shinsaku-ohara,6
21677,Hugo Martin,hugo-martin,6
5963,Austin Cline,austin-cline,5
979,Markus Buretorp,markus-buretorp,5
23178,Garrett Young,garrett-young,5
8165,Kurt Loudy,kurt-loudy,5
22796,Jason Martin,jason-martin,5
18505,David Lowmiller,david-lowmiller,4
6058,Tom Potter,tom-potter,4
895,Paul Leonard-Morgan,paul-leonard-morgan,4
161,Andrew Spinks,andrew-spinks,2
162,Whitney Baird,whitney-baird,2
163,Victor Moura,victor-moura,2
164,Jim Kjexrud,jim-kjexrud,2
165,Jamison Hayes,jamison-hayes,2
166,Scott Lloyd Shelly,scott-lloyd-shelly,2
167,Chris Bednarz,chris-bednarz,2
168,Yorai Omer,yorai-omer,2
121,Obbe Vermeij,obbe-vermeij,8
122,Alexander Roger,alexander-roger,3
120,Michael Hunter,michael-hunter,2
43,Jason Hayes,jason-hayes,9
41,IceFrog,icefrog,1
39,Kris Katz,kris-katz,1
40,Ted Kosmatka,ted-kosmatka,1
2494,James Schmalz,james-schmalz,10
310,Mat Tremblay,mat-tremblay,5
304,Steve Sinclair,steve-sinclair,3
313,Dave Kudirka,dave-kudirka,2
314,Keith Power,keith-power,2
305,Scott McGregor,scott-mcgregor,2
312,Pat Kudirka,pat-kudirka,1
315,James Silvia-Rogers,james-silvia-rogers,1
21643,Jonathan Gogul,jonathan-gogul,1
306,Mitch Gladney,mitch-gladney,1
307,Joey Adey,joey-adey,1
308,Ben Edney,ben-edney,1
309,Michael Brennan,michael-brennan,1
311,Ron Davey,ron-davey,1
344,Corey Davis,corey-davis,4
343,Thomas Silloway,thomas-silloway,3
345,Bobby McCoin,bobby-mccoin,3
346,Sarah Hebbler,sarah-hebbler,3
347,Jared Cone,jared-cone,3
443,Mathijs de Jonge,mathijs-de-jonge,10
448,Joris de Man,joris-de-man,9
444,Joe Henson,joe-henson,7
445,Alexis Smith,alexis-smith,7
446,oe Henson and Alexis Smith (The Flight),the-flight,7
447,Niels van der Leest,niels-van-der-leest,7
442,John Gonzalez,john-gonzalez,6
451,Michiel van der Leeuw,michiel-van-der-leeuw,5
449,Jan-Bart van Beek,jan-bart-van-beek,4
450,Lambert Wolterbeek Muller,lambert-wolterbeek-muller,4
23335,Patrick Munnik,patrick-munnik,2
197,Dmitry Glukhovsky,dmitry-glukhovsky,5
199,Andrew Prokhorov,andrew-prokhorov,5
201,Alexey Omelchuk,alexey-omelchuk,5
200,Andrey Tkachenko,andrey-tkachenko,4
203,Alexander Maximchuk,alexander-maximchuk,4
198,Viacheslav Aristov,viacheslav-aristov,4
205,Alexei Buinitskiy,alexei-buinitskiy,2
202,Georgiy Beloglazov,georgiy-beloglazov,2
204,Oles Shyshkovstov,oles-shyshkovstov,2
417,Michael Brinker,michael-brinker,3
418,Jason Botta,jason-botta,3
421,Bobby Tahouri,bobby-tahouri,3
420,Rose Hunt,rose-hunt,2
422,Steve Austin,steve-austin,2
419,Brenoch Adams,brenoch-adams,2
477,Sefton Hill,sefton-hill,10
479,Nick Arundel,nick-arundel,9
482,Daniel Bailie,daniel-bailie,7
483,Nathan Burlow,nathan-burlow,6
484,Ben Wyatt,ben-wyatt,5
480,David Buckley,david-buckley,4
476,Martin Lancaster,martin-lancaster,4
481,David Hego,david-hego,4
478,Ian Ball,ian-ball,2
2884,Hideo Kojima,hideo-kojima,43
2883,Yoji Shinkawa,yoji-shinkawa,22
2887,Kazuki Muraoka,kazuki-muraoka,21
2885,Shuyo Murata,shuyo-murata,12
2888,Kenichiro Imaizumi,kenichiro-imaizumi,10
4057,Justin Burnett,justin-burnett,9
5993,Shutaro Iida,shutaro-iida,9
7240,Makoto Sonoyama,makoto-sonoyama,7
7341,Ludvig Forssell,ludvig-forssell,6
7342,Hitori Nojima,hitori-nojima,4
26530,Daniel James,daniel-james,3
26529,Etsu Tamari,etsu-tamari,2
26527,Hidenari Inamura,hidenari-inamura,2
26531,Daizaburo Nakamura,daizaburo-nakamura,1
26532,Takehiro Nomura,takehiro-nomura,1
349,James Worrall,james-worrall,8
348,DJ Pooh,dj-pooh,1
1417,Stephen Barton,stephen-barton,9
3081,Vince Zampella,vince-zampella,9
1416,Drew McCoy,drew-mccoy,4
300,Pawel Blaszczak,pawel-blaszczak-2,8
299,Paweł Błaszczak,pawel-blaszczak,8
301,Maciej Miąsik,maciej-miasik,5
298,Jacek Brzeziński,jacek-brzezinski,4
297,Artur Ganszyniec,artur-ganszyniec,3
302,Michał Madej,michal-madej,3
303,Maciej Siniło,maciej-sinilo,3
2606,Ari Gibson,ari-gibson,1
2607,David Kazi,david-kazi,1
2608,Christopher Larkin,christopher-larkin,1
2609,William Pellen,william-pellen,1
280,Nathan Grigg,nathan-grigg,13
15390,John Van Deusen,john-van-deusen,12
275,Michael de Plater,michael-de-plater,4
274,Christian Cantamessa,christian-cantamessa,4
276,Bob Roberts,bob-roberts,1
277,Chris Hoge,chris-hoge,1
278,Phil Straub,phil-straub,1
279,Michael Forgey,michael-forgey,1
140,Jared Emerson-Johnson,jared-emerson-johnson,32
811,Mark Darin,mark-darin,12
441,Keenan Patterson,keenan-patterson,8
430,Nick Herman,nick-herman,7
433,Dennis Lenart,dennis-lenart,7
915,Carl Muckenhoupt,carl-muckenhoupt,6
2044,Randy Tudor,randy-tudor,6
519,Sean Vanaman,sean-vanaman,6
522,Jake Rodkin,jake-rodkin,5
7303,Gary Whitta,gary-whitta,4
806,Sean Ainsworth,sean-ainsworth,4
807,Eric Parsons,eric-parsons,4
2042,Derek Sakai,derek-sakai,4
4075,Andrew Langley,andrew-langley,4
812,Harrison G. Pink,harrison-g-pink,3
2232,Niklas Hansson,niklas-hansson,4
1353,Oscar Wemmert,oscar-wemmert,3
2231,Mattias Ottvall,mattias-ottvall,3
20821,Richard Meredith,richard-meredith,3
2230,Per Bergman,per-bergman,3
2234,Dennis Talajic,dennis-talajic,2
2233,Tobias Lilja,tobias-lilja,2
2235,Henrik Larsson,henrik-larsson,2
2236,Emma Mellander,emma-mellander,2
21668,Dennis Talajic=,dennis-talajic-2,1
184,Zak McClendon,zak-mcclendon,5
182,Jordan Thomas,jordan-thomas,3
183,Melissa Miller,melissa-miller,2
1309,John Carmack,john-carmack,86
2551,John Romero,john-romero,75
595,Brian Martel,brian-martel,20
3705,Chuck Jones,chuck-jones,17
8911,John Cash,john-cash,16
11048,Bill Dugan,bill-dugan,15
317,Matthew Armstrong,matthew-armstrong,13
318,Stephen Palmer,stephen-palmer,12
630,Patrick Deupree,patrick-deupree,11
7799,Chia Chin Lee,chia-chin-lee,10
629,Sean Cavanaugh,sean-cavanaugh,9
592,Stephen Bahl,stephen-bahl,9
14205,Steve Bond,steve-bond,5
593,Rob Heironimus,rob-heironimus,4
20607,Brian Hess,brian-hess,4
11472,Michael Harrington,michael-harrington,3
13330,E-Blaze,e-blaze,2
1329,Motoi Sakuraba,motoi-sakuraba,102
762,Hidetaka Miyazaki,hidetaka-miyazaki,19
765,Yuka Kitamura,yuka-kitamura,16
1328,Yui Tanimura,yui-tanimura,8
6362,Takeshi Suzuki,takeshi-suzuki,7
8132,Isamu Okano,isamu-okano,3
8129,Junya Ishizaki,junya-ishizaki,3
8131,Hiroshi Yoshida,hiroshi-yoshida,3
8128,Yuya Kimijima,yuya-kimijima,2
8130,Shigeto Hirai,shigeto-hirai,2
1512,Eric Barone,eric-barone,1
170,Solar Fields,solar-fields,4
171,Johannes Söderqvist,johannes-soderqvist,2
173,Thomas Andersson,thomas-andersson,2
172,Owen O'Brien,owen-obrien,1
174,Per-Olof Romell,per-olof-romell,1
169,Senta Jakobsen,senta-jakobsen,1
131,Jonatan Söderström,jonatan-soderstrom,3
132,Dennis Wedin,dennis-wedin,3
281,Michael Vogt,michael-vogt,4
606,Christian Elverdam,christian-elverdam,2
607,Niels Bye Nielsen,niels-bye-nielsen,2
26670,Jesper Hylling,jesper-hylling,1
26671,Jonathan Rowe,jonathan-rowe,1
218,J. T. Petty,jt-petty,5
221,Hugo Dallaire,hugo-dallaire,4
222,Samuel Laflamme,samuel-laflamme,4
219,David Chateauneuf,david-chateauneuf,3
220,Philippe Morin,philippe-morin,3
267,Brian Tyler,brian-tyler,18
269,Dan Hay,dan-hay,7
270,Kevin Guillemette,kevin-guillemette,7
262,Jeffrey Yohalem,jeffrey-yohalem,6
265,Patrick Plourde,patrick-plourde,6
263,Lucien Soulban,lucien-soulban,5
268,Jean-Alexis Doyon,jean-alexis-doyon,3
264,Li Kuo,li-kuo,3
266,Patrik Méthé,patrik-methe,3
271,Jamie Keen,jamie-keen,2
272,Andrea Zanini,andrea-zanini,1
273,Cédric Decelle,cedric-decelle,1
99,Michael McCann,michael-mccann,9
208,Jean-François Dugas,jean-francois-dugas,6
216,David Gallardo,david-gallardo,5
211,Martin Dubeau,martin-dubeau,4
206,Jason Dozois,jason-dozois,4
207,Steven Gallagher,steven-gallagher,4
210,Michael Lanoie,michael-lanoie,3
212,Olivier Proulx,olivier-proulx,3
213,Marc-Andre Dufort,marc-andre-dufort,3
214,Patrick Fortier,patrick-fortier,3
215,Richard Knight,richard-knight,3
209,Ed Harrison,ed-harrison,3
217,Sébastien Michel,sebastien-michel,3
2751,Tom Salta,tom-salta,19
1307,Brendan Greene,brendan-greene,2
1308,Chang-han Kim,chang-han-kim,2
23329,Tae-seok Jang,tae-seok-jang,1
601,Chris Wilson,chris-wilson,11
600,Edwin McRae,edwin-mcrae,1
599,Brian Weissman,brian-weissman,1
603,Adgio Hutchings,adgio-hutchings,1
604,Kamil Orman-Janowski,kamil-orman-janowski,1
605,Jonathan Rogers,jonathan-rogers,1
602,Erik Olofsson,erik-olofsson,1
123,Sam Lake,sam-lake,12
126,Mikael Kasurinen,mikael-kasurinen,8
124,Petri Järvilehto,petri-jarvilehto,8
130,Olli Tervo,olli-tervo,5
127,Saku Lehtinen,saku-lehtinen,5
129,Petri Alanko,petri-alanko,5
125,Mikko Rautalahti,mikko-rautalahti,4
128,Jyri Ranki,jyri-ranki,3
3274,Jon Paquette,jon-paquette,10
20815,Ryan Smith,ryan-smith,8
1727,John Paesano,john-paesano,7
3275,Bryan Intihar,bryan-intihar,6
3268,Jacinda Chew,jacinda-chew,5
4835,Christos Gage,christos-gage,3
5955,Dan Slott,dan-slott,2
20814,Ben Arfmann,ben-arfmann,2
1992,Robert Prince,robert-prince,63
23352,Christian Antkow,christian-antkow,19
27137,Jan Paul van Waveren,jan-paul-van-waveren,8
20441,Jonathan Williams,jonathan-williams,8
148,Lars Johansson,lars-johansson,6
147,Axel Torvenius,axel-torvenius,6
146,Tor Frick,tor-frick,6
141,Jens Matthies,jens-matthies,5
8113,Finn Seliger,finn-seliger,5
15323,Jesper Rudberg,jesper-rudberg,4
142,Tommy Tordsson Björk,tommy-tordsson-bjork,4
21678,Andreas Öjerfors,andreas-ojerfors,3
27406,Aydin Afzoud,aydin-afzoud,3
151,Anton Ragnarsson,anton-ragnarsson,3
5270,Alexander Pfeffer,alexander-pfeffer,3
150,Fredrik Thordendal,fredrik-thordendal,2
145,Kjell Emanuelsson,kjell-emanuelsson,2
674,David Cage,david-cage,9
5679,Adam Williams,adam-williams,7
1958,Guillaume de Fondaumière,guillaume-de-fondaumiere,5
4840,Nima Fakhrara,nima-fakhrara,4
453,Garry Newman,garry-newman,2
351,Mikko Tarmia,mikko-tarmia,7
354,Thomas Grip,thomas-grip,6
355,Jens Nilsson,jens-nilsson,6
350,Mikael Hedberg,mikael-hedberg,4
353,Marc Nicander,marc-nicander,3
352,Marcus Johansson,marcus-johansson,2
356,Luis Rodero Morales,luis-rodero-morales,1
508,Richard Pearsey,richard-pearsey,3
507,Walt Williams,walt-williams,3
510,François Coulon,francois-coulon,2
512,Mathias Wiese,mathias-wiese,2
509,Cory Davis,cory-davis,2
511,Elia Cmíral,elia-cmiral,1
513,Jason Flanagan,jason-flanagan,1
514,Tarl Raney,tarl-raney,1
515,Hendrik Hoenicke,hendrik-hoenicke,1
516,André Dittrich,andre-dittrich,1
176,Scott Phillips,scott-phillips,8
175,Steve Jaros,steve-jaros,7
179,Greg Donovan,greg-donovan,6
180,Malcolm Kirby Jr.,malcolm-kirby-jr,6
181,Nick Lee,nick-lee,4
177,Bryan Dillow,bryan-dillow,3
178,Frank Marquart,frank-marquart,2
1283,Travis Stout,travis-stout,13
393,Josh Sawyer,je-sawyer,9
400,Frank Kowalkowski,frank-kowalkowski,3
395,Mikey Dowling,mikey-dowling,2
398,Matt Singh,matt-singh,2
399,Charles Staples,charles-staples,2
397,Jason Fader,jason-fader,2
394,Joe Sanabria,joe-sanabria,2
396,Theresa Treadwell,theresa-treadwell,1
392,John R. Gonzalez,john-r-gonzalez,1
1623,George Broussard,george-broussard,47
1851,Scott Miller,scott-miller,33
1138,Chris Avellone,chris-avellone,22
3999,Ben Gokey,ben-gokey,16
7802,Paul MacArthur,paul-macarthur,12
7804,Ted Halsted,ted-halsted,10
4829,Ed Lima,ed-lima,8
773,Stevan Hird,stevan-hird,8
2417,Julian Soule,julian-soule,8
14343,Peter Johnson,peter-johnson,7
1260,Denby Grace,denby-grace,7
569,Raphaël Colantonio,raphael-colantonio,6
3700,William Scarboro,william-scarboro,6
7803,Michael Larson,michael-larson,5
8902,Toby Jones,toby-jones,5
15168,Kevin Franklin,kevin-franklin,5
8903,Jimmy Shin,jimmy-shin,4
401,Jack Scalici,jack-scalici,4
413,Jason L. Blair,jason-l-blair,4
1279,Rasion Varner,rasion-varner,3
772,Ricardo Bare,ricardo-bare,3
10294,Grégoire Gobbi,gregoire-gobbi,3
1733,Fernando Melo,fernando-melo,3
13857,Alex Kewin,alex-kewin,2
5206,Eric Weiss,eric-weiss,2
5054,Sam Morris,sam-morris,2
17621,Mark Sample,mark-sample,2
17623,Michael Hedley,michael-hedley,2
6858,Gordon Hall,gordon-hall,2
27422,Susan Kath,susan-kath,2
26710,Mikey Neumann,mikey-neumann,11
316,Simon Hurley,simon-hurley,8
319,Ruben Cabrera,ruben-cabrera,6
566,Harvey Smith,harvey-smith,11
567,Austin Grossman,austin-grossman,9
564,Terri Brosius,terri-brosius,7
574,Hugues Tardif,hugues-tardif,6
572,Sébastien Mitton,sebastien-mitton-2,5
573,Daniel Licht,daniel-licht,5
570,Dinga Bakaba,dinga-bakaba,4
571,Sebastien Mitton,sebastien-mitton,3
565,Sachka Duval,sachka-duval,1
568,Sandra Duval,sandra-duval,1
456,Jason Garner,jason-garner,5
457,Vince de Vera,vince-de-vera,4
485,Tameem Antoniades,tameem-antoniades,4
7933,Rupert Brooker,rupert-brooker,3
1500,Joe Nelson,joe-nelson,2
1509,Melanie Hall,melanie-hall,2
1501,Juan Fernandez,juan-fernandez,2
1504,Andy LaPlegua,andy-laplegua,2
1505,David García,david-garcia,2
1506,Gavin Costello,gavin-costello,2
1507,Stefano Prosperi,stefano-prosperi,2
1508,Loong Wei Ding,loong-wei-ding,2
1502,Dan Attwell,dan-attwell,1
1503,Dominic Matthews,dominic-matthews,1
506,Lex Horton,lex-horton,1
730,Paul De Meo,paul-demeo,12
732,Haris Orkin,haris-orkin,5
738,Remy Saville,remy-saville,3
735,Geoff Coates,geoff-coates,3
734,Ian Guise,ian-guise,2
733,Quinn Duffy,quinn-duffy,2
731,John Cappozi,john-cappozi,1
736,Brett Pascal,brett-pascal,1
737,Greg Wilson,greg-wilson,1
536,Ed Boon,ed-boon,31
535,John Vogel,john-vogel,13
539,Steve Beran,steve-beran,12
537,Paulo Garcia,paulo-garcia,10
538,John Edwards,john-edwards,9
533,Jon Greenberg,jon-greenberg,8
534,Brian Chard,brian-chard,8
532,Dominic Cianciolo,dominic-cianciolo,8
540,Adam Urbano,adam-urbano,6
541,Christopher Drake,christopher-drake,5
542,Dean Grinsfelder,dean-grinsfelder,2
27075,"Ovidiu ""Pirtylo"" Vladu",ovidiu-costin-catalin-vladu,32
1664,Darby McDevitt,darby-mcdevitt,8
2181,Eric Baptizat,eric-baptizat,5
1665,Martin Schelling,martin-schelling,4
2183,Ashraf Ismail,ashraf-ismail,4
2003,Raphael Lacoste,raphael-lacoste-2,4
2650,Jean-Sebastien Decant,jean-sebastien-decant,3
2651,Damien Kieken,damien-kieken,3
2182,Jean Guesdon,jean-guesdon,3
107,Sid Meier,sid-meier,34
111,Brian Busatti,brian-busatti,14
20524,Gregory A. Cunningham,gregory-a-cunningham,14
117,Geoff Knorr,geoff-knorr,6
116,Michael Curran,michael-curran,5
106,Paul Murphy,paul-murphy,5
108,Jon Shafer,jon-shafer,3
109,Ed Beach,ed-beach,2
113,Chris Hickman,chris-hickman,1
110,Scott Lewis,scott-lewis,1
112,Dorian Newcomb,dorian-newcomb,1
105,Michelle Menard,michelle-menard,1
114,Dennis Shirk,dennis-shirk,1
115,Lisa Miller,lisa-miller,1
118,Brian Wade,brian-wade,1
119,Tim Kipp,tim-kipp,1
287,Dynamedion,dynamedion,13
282,Greg Nagan,greg-nagan,4
289,Martin Vestergaard Madsen,martin-vestergaard-madsen,3
284,Peter Fleckenstein,peter-fleckenstein,3
290,Hakan B. Abrak,hakan-b-abrak,2
291,Lee Varley,lee-varley,2
283,Tore Blystad,tore-blystad,2
285,Thomas Bartschi,thomas-bartschi,2
286,Peter Kyed,peter-kyed,2
288,Peter Peter,peter-peter,2
158,Josh Needleman,josh-needleman,5
157,Naresh Hirani,naresh-hirani,4
159,Alex Carlyle,alex-carlyle,3
152,Brendan McNamara,brendan-mcnamara,3
154,Andrew Hale,andrew-hale,3
160,Franta Fulin,franta-fulin,2
153,Simon Hale,simon-hale,2
155,Chee Kin Chan,chee-kin-chan,2
156,Ben Brudenell,ben-brudenell,2
137,Edmund McMillen,edmund-mcmillen,17
139,Danny Baranowsky,danny-baranowsky,14
138,Kevin Hathaway,kevin-hathaway,5
136,Tommy Refenes,tommy-refenes,4
3351,Roman Campos-Oriola,roman-campos-oriola,5
3352,Jason Vandenberghe,jason-vandenberghe,4
3354,Philippe-Antoine Ménard,philippe-antoine-menard,2
3349,Christian Diaz,christian-diaz,1
3350,Leroy Athanassoff,leroy-athanassoff,1
3353,Ariadne MacGillivray,ariadne-macgillivray,1
3355,Stephane Cardin,stephane-cardin,1
3345,Danny Bensi,danny-bensi,1
3346,Saunder Jurriaans,saunder-jurriaans,1
3347,Louis-Philippe Dallaire,louis-philippe-dallaire,1
3348,Karim Kochen,karim-kochen,1
1927,Stig Asmussen,stig-asmussen,7
23109,Jason de Heras,jason-de-heras,1
1000,Bruce Straley,bruce-straley,18
998,Neil Druckmann,neil-druckmann,12
791,Henry Jackman,henry-jackman,12
1845,Kurt Margenau,kurt-margenau,6
987,Christian Gyrling,christian-gyrling,5
999,Josh Scherr,josh-scherr,4
1840,Tate Mosesian,tate-mosesian,3
324,Glen Schofield,glen-schofield,18
323,Bret Robbins,bret-robbins,9
1669,Michael Condrey,michael-condrey,9
321,Antony Johnston,antony-johnston,9
2768,Steve Papoutsis,steve-papoutsis,9
326,Ian Milham,ian-milham,5
680,Chuck Beaver,chuck-beaver,5
322,Rick Remender,rick-remender,5
320,Warren Ellis,warren-ellis,4
27171,Steve Timson,steve-timson,3
325,Wright Bagwell,wright-bagwell,3
27170,Paul Mathus,paul-mathus,2
188,Jack Wall,jack-wall,25
185,Drew Karpyshyn,drew-karpyshyn,14
191,Sam Hulick,sam-hulick,7
192,Derek Watts,derek-watts,6
196,David Falkner,david-falkner,6
187,Casey Hudson,casey-hudson,6
189,David Kates,david-kates,5
22957,Michael Gamble,michael-gamble,4
186,Mac Walters,mac-walters,4
195,Preston Watamaniuk,preston-watamaniuk,4
190,Jimmy Hinson,jimmy-hinson,3
193,Nathan Plewes,nathan-plewes,2
194,Jesse Houston,jesse-houston,2
12739,James Sumwalt,james-sumwalt,18
2437,Steve Goldberg,steve-goldberg,7
27053,Fred R. Hooper,fred-r-hooper,6
374,Odd Ahlgren,odd-ahlgren,4
377,Magnus Nedfors,magnus-nedfors,4
381,Mats Lundgren,mats-lundgren,4
777,Fredrik Lönn,fredrik-lonn,3
27130,Susan Paula Holman,susan-paula-holman,2
27132,Anders Strid,anders-strid,2
27134,Fredrik Egeberg,fredrik-egeberg,2
741,David Slagle,david-slagle,3
739,Andrey Paskhalov,andrey-paskhalov,2
742,Oles Shyshkovtsov,oles-shyshkovtsov,2
21655,Alexei Omelchuk,alexei-omelchuk,1
1343,Des Shore,des-shore,1
1344,Justin Mullins,justin-mullins,1
5402,Steven Maines,steven-maines,39
4385,Stephen A. Hornback,stephen-hornback,27
4169,Robert M. Atkins,robert-m-atkins,19
5401,Rich Fleider,rich-fleider,17
1993,Richard Gray,richard-gray,15
452,Zak Belica,zak-belica,11
2866,Wyeth Johnson,wyeth-johnson,11
1261,Chris Ashton,chris-ashton,7
1209,Joe Waters,joe-waters,6
2858,Rod Fergusson,rod-fergusson,6
4167,Ken Harward,ken-harward,4
6909,Steven Peeler,steven-peeler,4
10811,Thearrel McKinney,thearrel-mckinney,3
27227,Michael Saladino,michael-saladino,3
10295,Glenn Doren,glenn-doren,3
20137,Jay Halderman,jay-halderman,3
342,Minh Le,minh-le,3
14434,Bruce Sharp,bruce-sharp,2
14586,Kevin Brown,kevin-brown,2
458,Mike Booth,mike-booth,1
223,Greg Kasavin,greg-kasavin,5
224,Amir Rao,amir-rao,5
225,Darren Korb,darren-korb,5
226,Jen Zee,jen-zee,5
227,Gavin Simon,gavin-simon,5
1865,Harry Gregson-Williams,harry-gregson-williams,14
7242,Akihiro Honda,akihiro-honda,10
15406,Ikuya Nakamura,ikuya-nakamura,6
26528,Junji Tago,junji-tago,1
1538,Akihiko Yoshida,akihiko-yoshida,23
1544,Keiichi Okabe,keiichi-okabe,11
1539,Toshiyuki Itahana,toshiyuki-itahana,9
1534,Yoko Taro,yoko-taro,9
1541,Yosuke Saito,yosuke-saito,7
1537,Takahisa Taura,takahisa-taura,4
1543,Keigo Hoashi,keigo-hoashi,3
1536,Isao Negishi,isao-negishi,3
1545,Kuniyuki Takahashi,kuniyuki-takahashi,2
1542,Eijiro Nishimura,eijiro-nishimura,2
1535,Hana Kikuchi,hana-kikuchi,2
1546,Ryo Onishi,ryo-onishi,1
1540,Yuya Nagai,yuya-nagai,1
1533,Yoshiho Akabane,yoshiho-akabane,1
21044,Hans P. Lo,hans-p-lo,3
26544,Gavin Freyberg,gavin-freyberg,2
373,Richard Jacques,richard-jacques,46
3742,Jens Bergensten,jens-bergensten,7
3741,Daniel C418 Rosenfeld,c418,6
20545,"Henrik ""carnalizer"" Pettersson",henrik-carnalizer-pettersson,6
3746,Markus Persson,markus-persson,6
3743,"Markus ""Junkboy"" Toivonen",markus-toivonen,5
20543,Jon Kågström,jon-kagstrom,3
20544,Aron Nieminen,aron-nieminen,3
20547,"Mattis ""Bomb Boy"" Grahm",mattis-bomb-boy-grahm,2
20542,Daniel Frisk,daniel-frisk,2
983,Erick Pangilinan,erick-pangilinan,14
988,Travis McIntosh,travis-mcintosh,9
986,Jacob Minkoff,jacob-minkoff,9
1110,Nate Wells,nate-wells,7
1109,Gustavo Santaolalla,gustavo-santaolalla,6
1112,Jason Gregory,jason-gregory,6
4538,Matthew Costello,matthew-costello,9
378,Peter Johansson,peter-johansson,4
375,Neil Richards,neil-richards,3
379,Stefan Ljungqvist,stefan-ljungqvist,3
380,Daniel Willför,daniel-willfor,1
382,Fredrik Larsson,fredrik-larsson,1
7512,Hironobu Takeshita,hironobu-takeshita,18
2199,Akihiko Narita,akihiko-narita,13
7866,Kaname Fujioka,kaname-fujioka,11
7862,Yuya Tokuda,yuya-tokuda,7
7868,Teruki Endo,teruki-endo,5
7861,Kazunori Inoue,kazunori-inoue,3
7865,Zhenlan Kang,zhenlan-kang,2
7867,Yugo Togawa,yugo-togawa,2
7863,Yuuki Ooi,yuuki-ooi,1
7864,Kota Fukasawa,kota-fukasawa,1
7860,Shingo Izumi,shingo-izumi,1
774,Frank Rooke,frank-rooke,5
776,John Fuller,john-fuller,2
775,Martin Bergquist,martin-bergquist,1
2400,Masachika Kawata,masachika-kawata,10
2169,Brian D'Oliveira,brian-doliveira,5
2399,Keisuke Yamakawa,keisuke-yamakawa,4
2404,Koshi Nakanishi,koshi-nakanishi,3
2395,Miwako Chinone,miwako-chinone,3
2397,Satoshi Hori,satoshi-hori,3
2402,Tsuyoshi Kanda,tsuyoshi-kanda,3
2392,Tomonori Takano,tomonori-takano,2
2396,Akiyuki Morimoto,akiyuki-morimoto,2
2398,Hajime Horiuchi,hajime-horiuchi,1
2391,Toshihiko Tsuda,toshihiko-tsuda,1
2393,Yosuke Noro,yosuke-noro,1
2394,Tomofumi Ishida,tomofumi-ishida,1
2390,Hiroyuki Chi,hiroyuki-chi,1
2666,Matthew Rice,matthew-rice,1
2667,Tony Elias,tony-elias,1
2668,Michael Aigner,michael-aigner,1
2669,Mike de Plater,mike-de-plater,1
2665,Phillip Straub,phillip-straub,1
228,Christopher Jurney,christopher-jurney,6
229,Andrew Wang,andrew-wang,4
1274,Steve Fukuda,steve-fukuda,8
1195,Jesse Stern,jesse-stern,8
1414,Mackey McCandlish,mackey-mccandlish,8
3330,Richard Baker,richard-baker,6
1273,Todd Alderman,todd-alderman,6
1415,Joel Emslie,joel-emslie,5
1418,Jon Shiring,jon-shiring,2
1413,Manny Hagopian,manny-hagopian,1
888,Gareth Coker,gareth-coker,10
2746,Kayd Hendricks,kayd-hendricks,1
2747,Dave Loyd,dave-loyd,1
2748,Navin Supphapholsiri,navin-supphapholsiri,1
2749,Jeremy Stieglitz,jeremy-stieglitz,1
2750,Jesse Rapczak,jesse-rapczak,1
764,Tsukasa Saitoh,tsukasa-saitoh,16
771,Jun Ito,jun-ito,8
769,Teruyuki Toriyama,teruyuki-toriyama,7
770,Kazuhiro Hamatani,kazuhiro-hamatani,6
768,Masaaki Yamagiwa,masaaki-yamagiwa,5
767,Michael Wandmacher,michael-wandmacher,4
763,Ryan Amon,ryan-amon,4
766,Nobuyoshi Suzuki,nobuyoshi-suzuki,3
1026,Jonne Valtonen,jonne-valtonen,8
1022,Karoliina Korppoo,karoliina-korppoo,7
1028,Antti Lehto,antti-lehto,7
1024,Antti Isosomppi,antti-isosomppi,7
1025,Mariina Hallikainen,mariina-hallikainen,7
1029,Damien Morello,damien-morello,6
1023,Miska Fredman,miska-fredman,6
1027,Jani Laaksonen,jani-laaksonen,6
1021,Henri Haimakainen,henri-haimakainen,6
634,Austin Wintory,austin-wintory,16
637,Robin Hunicke,robin-hunicke,5
633,Jenova Chen,jenova-chen,5
639,Nicholas Clark,nicholas-clark,5
640,Chris Bell,chris-bell,5
635,Matt Nava,matt-nava,2
638,Bryan Singh,bryan-singh,1
641,Martin Middleton,martin-middleton,1
636,Aaron Jessie,aaron-jessie,1
1156,Toby Fox,toby-fox,8
1085,Ian Livingstone,ian-livingstone,21
1337,Ron Fish,ron-fish,13
1336,Paul Dini,paul-dini,7
1335,Paul Crocker,paul-crocker,6
2851,William Beacham,william-beacham,4
12760,Ian Bell,ian-bell,4
15705,Florent Moreau,florent-moreau,4
19599,Anthony Lloyd,anthony-lloyd,3
14877,Simon Hargrave,simon-hargrave,3
13587,Jamie Walker,jamie-walker,3
5652,Lee Banyard,lee-banyard,2
20012,Russell Kerrison,russell-kerrison,2
5720,Adam Doherty,adam-doherty,2
13589,Wayne Billingham,wayne-billingham,2
25556,Magali Stretton,magali-stretton,2
966,Nelson Sexton,nelson-sexton,1
1758,Anders De Geer,anders-de-geer,4
5537,Robin Hagblom,robin-hagblom,2
20949,Matt Ward,matt-ward,1
20950,Joakim Setterberg,joakim-setterberg,1
20951,Arvid Nilsson,arvid-nilsson,1
20952,Erika S. Kling,erika-s-kling,1
20953,Robert Bäckström,robert-backstrom,1
20954,Peter Nilsson,peter-nilsson,1
20955,Joakim Wahlström,joakim-wahlstrom,1
101,Garth DeAngelis,garth-deangelis,3
102,Ananda Gupta,ananda-gupta,3
98,Scott Wittbecker,scott-wittbecker,3
97,Liam Collins,liam-collins,2
100,Gregory Foertsch,gregory-foertsch,2
103,Jake Solomon,jake-solomon,2
104,Casey O'Toole,casey-otoole,1
959,Cedric Decelle,cedric-decelle-2,2
4760,Dan Romer,dan-romer,1
21018,Patrik Methe,patrik-methe-2,1
21019,Jean-Sébastien Decant,jean-sebastien-decant-2,1
4758,Drew Holmes,drew-holmes,1
4759,Darryl Long,darryl-long,1
243,Brian Fargo,brian-fargo,52
244,Mark Morgan,mark-morgan,27
1137,R. Scott Campbell,r-scott-campbell,22
235,Chris Jones,chris-jones,21
7787,Charles Deenen,charles-deenen,20
13741,Paul Allen Edelstein,paul-allen-edelstein,19
18040,Paul Edelstein,paul-edelstein,15
230,Scott Campbell,scott-campbell,14
240,Leonard Boyarsky,leonard-boyarsky,13
17557,Jeremy Barnes,jeremy-barnes,12
9962,Brian Luzietti,brian-luzietti,10
233,Tim Cain,tim-cain,10
1816,Jason Anderson,jason-anderson,10
1817,Thomas R. Decker,thomas-r-decker,8
236,Feargus Urquhart,feargus-urquhart,8
239,Scott Everts,scott-everts,8
13886,Scott Bennie,scott-bennie,8
11899,Chris Benson,chris-benson,7
9603,Greg Allen,greg-allen,6
13889,Ron Valdez,ron-valdez,6
231,Brian Freyermuth,brian-freyermuth,5
5719,Craig Owens,craig-owens,5
7721,John Deiley,john-deiley,5
238,Christopher Taylor,christopher-taylor,5
237,David Hendee,david-hendee,5
234,Jason Taylor,jason-taylor,5
23047,Tom Decker,tom-decker,5
3778,Tramell Isaac,tramell-isaac,5
12698,Mike Dean,mike-dean,4
1139,Fred Hatch,fred-hatch,4
1142,Jesse Reynolds,jesse-reynolds,3
242,Gary Platner,gary-platner,3
18101,Dave West,dave-west,3
18666,Mark Harrison,mark-harrison,3
20088,James Doyle,james-doyle,3
232,Mark O'Green,mark-ogreen,3
13845,Ron Hodge,ron-hodge,2
1143,Robert Hertenstein,robert-hertenstein,2
5109,Yury Miroshnikov,yury-miroshnikov,2
402,Daniel Vávra,daniel-vavra,5
409,Matúš Široký,matus-siroky,4
408,Lukáš Kuře,lukas-kure,3
411,Dan Doležel,dan-dolezel,3
407,Roman Hladík,roman-hladik,1
410,Adam Kuruc,adam-kuruc,1
412,Michal Janáček,michal-janacek,1
403,Pavel Brzák,pavel-brzak,1
404,Josef Vašek,josef-vasek,1
405,Jiří Matouš,jiri-matous,1
406,Jiri Rezac,jiri-rezac,1
245,Josef Fares,josef-fares,5
706,Danny Bélanger,danny-belanger,13
1486,Jade Raymond,jade-raymond,12
709,Patrice Zink,patrice-zink,5
699,Peter Connelly,peter-connelly,5
703,Dominic Guay,dominic-guay,4
697,Kevin Shortt,kevin-shortt,3
698,Jonathan Morin,jonathan-morin,3
700,Brian Reitzell,brian-reitzell,3
708,Jean-François Roy,jean-francois-roy,3
701,Lars Bonde,lars-bonde,2
704,Stéphane Decroix,stephane-decroix,1
707,Eric Baillargeon,eric-baillargeon,1
702,Martin Hébert,martin-hebert,1
705,Yvan Poeymirou,yvan-poeymirou,1
248,Peter McConnell,peter-mcconnell,33
247,Tim Schafer,tim-schafer,31
249,Gabe Miller,gabe-miller,4
251,Nathan Martz,nathan-martz,1
675,Normand Corbeil,normand-corbeil,5
676,Charles Coutier,charles-coutier,2
6944,Frédéric Robichaud,frederic-robichaud,3
11743,Fleur Marty,fleur-marty,3
3915,Jill Murray,jill-murray,2
1573,Daniel Drapeau,daniel-drapeau,2
21456,Heath Smith,heath-smith,1
21457,Daniel Chayer-Bisson,daniel-chayer-bisson,1
818,Forest Swartout Large,forest-swartout-large,1
819,Mikkel Svendsen,mikkel-svendsen,1
820,Søren T. Madsen,soren-t-madsen,1
821,Mikkel Gjøl,mikkel-gjol,1
822,Lasse Jon Fuglsang Pedersen,lasse-jon-fuglsang-pedersen,1
813,Laurids Binderup,laurids-binderup,1
814,Søs Gunver Ryberg,sos-gunver-ryberg,1
815,Marek Bogdan,marek-bogdan,1
816,Morten C. Bramsen,morten-c-bramsen,1
817,Jeremy Petreman,jeremy-petreman,1
360,Peter Chan,peter-chan,10
364,Brad Muir,brad-muir,4
359,Nathan Stapley,nathan-stapley,3
363,Anna Kipnis,anna-kipnis,3
361,David Dixon,david-dixon,1
362,Kee Chi,kee-chi,1
358,Guarav Mathur,guarav-mathur,1
258,Sergei Kuprejanov,sergei-kuprejanov,8
257,Steve Martin,steve-martin,7
261,Kevin Hoare,kevin-hoare,6
260,Lewis Gordon,lewis-gordon,2
256,Joshua Bass,joshua-bass,2
255,Paul MacPherson,paul-macpherson,1
259,Hugues St. Pierre,hugues-st-pierre,1
521,Chris Remo,chris-remo,5
500,Nels Anderson,nels-anderson,2
525,Ben Burbank,ben-burbank,2
523,William W. Armstrong,william-w-armstrong,1
524,William Armstrong,william-armstrong,1
531,Gabe McGill,gabe-mcgill,1
526,Patrick Ewing,patrick-ewing,1
527,Paolo Surricchio,paolo-surricchio,1
528,James Benson,james-benson,1
529,James Nicholas Benson,james-nicholas-benson,1
530,Jane Ng,jane-ng,1
520,Olly Moss,olly-moss,1
21053,Jonathan Dumont,jonathan-dumont,2
415,Jim Boone,jim-boone,5
414,Stephen Quirk,stephen-quirk,2
416,Ryan Spencer,ryan-spencer,2
1176,Sean Murray,sean-murray,10
1977,Paul Weir,paul-weir,8
1975,Grant Duncan,grant-duncan,3
1986,David Ream,david-ream,3
1980,Suzy Wallace,suzy-wallace,2
1984,Ryan Doyle,ryan-doyle,2
1973,Levi Naess,levi-naess,1
1979,Will Braham,will-braham,1
1982,Gareth Bourn,gareth-bourn,1
1978,65daysofstatic,65daysofstatic,1
1974,Aaron Andrews,aaron-andrews,1
1976,Beau Lamb,beau-lamb,1
1972,Jacob Golding,jacob-golding,1
1074,Patrice Désilets,patrice-desilets,8
651,Joshua Rubin,joshua-rubin,8
746,Corey May,corey-may,8
748,Dooma Wendschuh,dooma-wendschuh,5
1077,Vincent Pontbriand,vincent-pontbriand,4
1075,Mohamed Gambouz,mohamed-gambouz,3
1081,James Therien,james-therien,3
1079,Benoît Lambert,benoit-lambert,2
1080,Olivier Palmieri,olivier-palmieri,2
1078,Jamal Rguigui,jamal-rguigui,2
1076,Sébastien Puel,sebastien-puel,1
1569,Paul Haslinger,paul-haslinger,10
1568,Ben Frost,ben-frost,1
1570,Xavier Marquis,xavier-marquis,1
1571,Po Yuen Kenny Lam,po-yuen-kenny-lam,1
1572,Sébastien Labbé,sebastien-labbe,1
1567,Jalal Eddine El Mansouri,jalal-eddine-el-mansouri,1
724,Oli Smith,oli-smith,5
726,Clive Gratton,clive-gratton,4
718,Dan Abnett,dan-abnett,4
719,Alistair Hope,alistair-hope,4
722,Jude Bond,jude-bond,4
723,Jonathan Court,jonathan-court,4
725,Christian Henson,christian-henson,3
716,Will Porter,will-porter,3
717,Dion Lay,dion-lay,3
720,Gary Napper,gary-napper,3
721,Clive Lindop,clive-lindop,3
6991,Yoshimi Kudo,yoshimi-kudo,7
14451,Yuzo Kojima,yuzo-kojima,7
24213,Shoi Miyazawa,shoi-miyazawa,3
923,Paul Jenkins,paul-jenkins,8
926,Timothy Michael Wynn,timothy-michael-wynn,8
927,Glen Miner,glen-miner,2
924,Sheldon Carter,sheldon-carter,2
928,Darryl Baldock,darryl-baldock,1
925,Tom Galt,tom-galt,1
1835,Evan Skolnick,evan-skolnick,2
1830,Thomas Pryde,thomas-pryde,1
1831,Tony Coculuzzi,tony-coculuzzi,1
1832,Kezia Adamo,kezia-adamo,1
1833,Eric Billingsley,eric-billingsley,1
1836,Kristofer Maddigan,kristofer-maddigan,1
1837,Jared Moldenhauer,jared-moldenhauer,1
1838,Marija Moldenhauer,marija-moldenhauer,1
1828,Chad Moldenhauer,chad-moldenhauer,1
1839,Ryan Moldenhauer,ryan-moldenhauer,1
1053,Morten Iverson,morten-iverson,2
1054,Neil Donnell,neil-donnell,2
743,Georgy Zheryakov,georgy-zheryakov,1
744,Alexander Chorni,alexander-chorni,1
745,Zahar Antonov,zahar-antonov,1
22212,Anton Yudintsev,anton-yudintsev,1
752,Ben Mattes,ben-mattes,4
750,Eric Holmes,eric-holmes,4
749,Benoit Richer,benoit-richer,2
753,Pierre-Luc Foisy,pierre-luc-foisy,2
751,Jeremy Price,jeremy-price,1
754,Olivier Pomarez,olivier-pomarez,1
747,Ryan Galletta,ryan-galletta,1
368,Mike Reagan,mike-reagan,17
367,Scott Morton,scott-morton,6
369,Han Randhawa,han-randhawa,5
371,Haydn Dalton,haydn-dalton,5
365,Joe Madureira,joe-madureira,4
372,Colin Bonstead,colin-bonstead,3
366,David L. Adams,david-l-adams,3
1285,Sarah Schachner,sarah-schachner,7
2180,Alain Mercieca,alain-mercieca,1
1310,Adam Pyle,adam-pyle,4
21675,Adam Gascoine,adam-gascoine,3
17453,Jon Lane,jon-lane,3
978,John Jennings,john-jennings,3
4398,Sean Dunn,sean-dunn,3
9514,Peter Boehme,peter-boehme,2
1792,Johan Andersson,johan-andersson,37
1784,Andreas Waldetoft,andreas-waldetoft,26
1787,Fredrik Toll,fredrik-toll,18
2143,Christopher King,christopher-king,8
1789,Henrik Fåhraeus,henrik-fahraeus,3
2132,Johan Lerström,johan-lerstrom,1
2135,Fredrik Zetterman,fredrik-zetterman,1
423,Dave Grossman,dave-grossman,29
424,Pierre Shorette,pierre-shorette,5
427,Adam Hines,adam-hines,5
432,Kent Mudle,kent-mudle,5
425,Nicole Martinez,nicole-martinez,5
429,Martin Montgomery,martin-montgomery,4
439,John Drake,john-drake,4
428,Jason Latino,jason-latino,4
438,Aaron Casillas,aaron-casillas,4
435,Ryan Kaufman,ryan-kaufman,4
434,Chris Schroyer,chris-schroyer,3
426,Dan Martin,dan-martin,3
431,Vahram Antonian,vahram-antonian,2
437,Matt LoPresti,matt-lopresti,1
436,Kendall Davis,kendall-davis,1
440,Joe Pinnery,joe-pinnery,1
1197,Lars Gustavsson,lars-gustavsson,9
1199,Gustav Tilleby,gustav-tilleby,3
1250,Steven Hall,steven-hall,3
1252,Johan Söderqvist,johan-soderqvist,2
1253,Patrik Andrén,patrik-andren,2
1255,Daniel Berlin,daniel-berlin,2
1198,Stefan Strandberg,stefan-strandberg,2
1204,Vidar Nygren,vidar-nygren,2
1254,Aleksander Svendsen Grøndal,aleksander-svendsen-grondal,1
1251,Jörgen Carlström,jorgen-carlstrom,1
334,Mary DeMarle,mary-demarle,5
337,David Anfossi,david-anfossi,4
339,Julien Bouvrais,julien-bouvrais,3
335,Jonathan Jacques-Belletête,jonathan-jacques-belletete,3
21687,Pierre-Francis Lafleur,pierre-francis-lafleur,2
338,François Lapikas,francois-lapikas,2
340,Simon Hamelin,simon-hamelin,2
1461,Antoine Thisdale,antoine-thisdale,2
631,Arkadiusz Reikowski,arkadiusz-reikowski,11
23104,Paweł Niezabitowski,pawel-niezabitowski,7
22882,Andrzej Mądrzak,andrzej-madrzak,6
22884,Mateusz Lenart,mateusz-lenart,6
632,Eryk Dykiel,eryk-dykiel,3
23103,Michał Król,michal-krol,2
958,Alex Hutchinson,alex-hutchinson,7
960,Cliff Martinez,cliff-martinez,3
961,David Chabot,david-chabot,1
957,Mark Thompson,mark-thompson,1
1639,Haruo Murata,haruo-murata,21
3361,Jun Takeuchi,jun-takeuchi,9
2310,Yasuhiro Anpo,yasuhiro-anpo,8
5820,Kota Suzuki,kota-suzuki,5
2780,Yoshiaki Hirabayashi,yoshiaki-hirabayashi,5
8352,Kenichi Ueda,kenichi-ueda,4
2778,Jiro Taoka,jiro-taoka,2
2776,Soji Seta,soji-seta,2
885,Thomas Mahler,thomas-mahler,2
886,Johannes Figlhuber,johannes-figlhuber,2
887,Gennadiy Korol,gennadiy-korol,2
491,William Pugh,william-pugh,5
492,Davey Wreden,davey-wreden,5
494,Blake Robinson,blake-robinson,4
496,Andreas Jörgensen,andreas-jorgensen,3
497,Jesús Higueras,jesus-higueras,3
493,Yiannis Ioannides,yiannis-ioannides,2
495,Christiaan Bakker,christiaan-bakker,2
1270,Hans Zimmer,hans-zimmer,15
1269,Lorne Balfe,lorne-balfe,15
1271,Mark Rubin,mark-rubin,10
1268,Jason West,jason-west,8
1272,Mohammad Alavi,mohammad-alavi,5
922,Rich Douglas,rich-douglas,4
464,Scott Philips,scott-philips,3
465,CD Projekt,cd-projekt,3
466,Deep Silver Volition,deep-silver-volition,3
5929,Seo Yongsu,seo-yongsu,1
5930,Kim Daeil,kim-daeil,1
4502,Martin Klíma,martin-klima,2
5827,Jan Valta,jan-valta,2
5828,Adam Sporka,adam-sporka,2
5825,Viktor Bocan,viktor-bocan,1
5826,Tomáš Blaho,tomas-blaho,1
1041,Daren Bader,daren-bader,4
1045,Ted Carson,ted-carson,1
1038,John Hillcoat,john-hillcoat,1
1039,George Davis,george-davis,1
1040,Nick Trifunovic,nick-trifunovic,1
1042,David Kunkler,david-kunkler,1
1043,John Ricchio,john-ricchio,1
1044,Bill Elm,bill-elm,1
333,Ari Pulkkinen,ari-pulkkinen,17
20308,Anthony Newman,anthony-newman,3
20309,Emilia Schatz,emilia-schatz,2
20310,Richard Cambier,richard-cambier,2
20311,Halley Gross,halley-gross,2
1148,Rasmus Gunnarsson,rasmus-gunnarsson,2
1151,Patrik Dekhla,patrik-dekhla,1
1146,David Satzinger,david-satzinger,1
1147,Aaron Clifford,aaron-clifford,1
1149,Steven Redmond,steven-redmond,1
1150,Ian Thomas,ian-thomas,1
20904,Alexandre Pedneault,alexandre-pedneault,4
1425,Russell Lees,russell-lees,3
1421,Jared Schincariol,jared-schincariol,2
1422,Ethan Petty,ethan-petty,2
1423,Jesse Scoble,jesse-scoble,2
1424,Leanne Taylor-Giles,leanne-taylor-giles,2
20903,Diana Rose Sherman,diana-rose-sherman,2
1428,Sidonie Weber,sidonie-weber,2
1431,Hudson Mohawke,hudson-mohawke,2
1432,Stéphane Girard,stephane-girard,2
20902,James Russell Lees,james-russell-lees,2
1420,Madeleine Hart,madeleine-hart,2
1433,Guillaume Fréchette,guillaume-frechette,1
1426,Falko Poiker,falko-poiker,1
1427,Pierre-Yves Savard,pierre-yves-savard,1
1419,Diana Sherman,diana-sherman,1
1429,Colin John Graham,colin-john-graham,1
1430,Mathieu Leduc,mathieu-leduc,1
801,Piotr Musiał,piotr-musial,3
794,Wojtek Setlak,wojtek-setlak,2
795,Michał Drozdowski,michal-drozdowski,2
796,Rafał Włosek,rafal-wlosek,2
798,Bartek Rydel,bartek-rydel,2
799,Przemysław Marszał,przemyslaw-marszal,2
800,Jakub Piotrowski,jakub-piotrowski,2
792,Maciej Skóra,maciej-skora,2
802,Aleksander Kauch,aleksander-kauch,2
793,Kacper Kwiatkowski,kacper-kwiatkowski,2
587,Nicolas Cantin,nicolas-cantin,2
588,Luc St. Pierre,luc-st-pierre,1
645,Craig Conner,craig-conner,7
646,Stuart Ross,stuart-ross,7
4842,Navid Khonsari,navid-khonsari,5
3254,William Mills,william-mills,3
15166,Craig Filshie,craig-filshie,2
644,Paul Kurowski,paul-kurowski,1
1058,Pedro Macedo Camacho,pedro-camacho,12
2701,Chad Mossholder,chad-mossholder,4
23873,Jean-Yves Geffroy,jean-yves-geffroy,4
3643,Jean-Marc Geffroy,jean-marc-geffroy,4
977,Arcade Berg,arcade-berg,3
19902,Paul Slinger,paul-slinger,3
828,Lucas Pope,lucas-pope,3
3836,Brian Raffel,brian-raffel,34
12868,Ste Cork,ste-cork,27
3835,Eric C. Biessman,eric-biessman,27
14488,Steve Raffel,steve-raffel,26
6902,Robert Love,robert-love,24
10316,Christopher Foster,christopher-foster,18
10886,Jon Zuk,jon-zuk,18
3311,Dan Vondrak,dan-vondrak,16
7800,Joe Koberstein,joe-koberstein,15
16876,Dwight Luetscher,dwight-luetscher,15
4511,Corky Lehmkuhl,corky-lehmkuhl,13
4045,Chris Miller,chris-miller,13
1174,Craig Houston,craig-houston,12
2321,Brian Anderson,brian-anderson,10
4508,Ryan Feltrin,ryan-feltrin,10
2139,Sam Nouriani,sam-nouriani,8
2142,Jason Blundell,jason-blundell,8
9756,Richard Garcia,richard-garcia,8
15828,Mark Gordon,mark-gordon,7
1177,Colin Whitney,colin-whitney,5
13467,Alexander Stein,alexander-stein,5
21688,Chris Cherubini,chris-cherubini,5
14566,Marcus Goodey,marcus-goodey,5
15011,Mike Anthony,mike-anthony,5
21651,David King,david-king,5
26479,Bruce Hall,bruce-hall,4
21653,James Snider,james-snider,4
17492,Jeff Johnson,jeff-johnson,4
21650,Pat Dwyer,pat-dwyer,4
20909,David Dalzell,david-dalzell,4
20910,Anna Donlon,anna-donlon,4
6901,Dan Edwards,dan-edwards,4
21652,Trevor Walker,trevor-walker,4
3540,David Pellas,david-pellas,3
6633,Jim Lordeman,jim-lordeman,3
2327,Daniel Bunting,daniel-bunting,3
2144,Dan Bunting,dan-bunting,3
11946,Dan Donahoe,dan-donahoe,3
973,Marshall Parker,marshall-parker,21
971,Jordan Weisman,jordan-weisman,7
974,Sam Powell,sam-powell,7
975,Jon Everist,jon-everist,6
972,Mitch Gitelman,mitch-gitelman,5
1447,Borislav Slavov,borislav-slavov,9
1735,Swen Vincke,swen-vincke,7
1737,Jan Van Dosselaer,jan-van-dosselaer,6
1738,Sarah Baylus,sarah-baylus,3
1736,Joachim Vleminckx,joachim-vleminckx,2
1734,Bert Van Semmertier,bert-van-semmertier,2
1739,Julien Brun,julien-brun,2
1740,Octaaf Fieremans,octaaf-fieremans,2
252,Emil Englund,emil-englund,4
253,Johan Pilested,johan-pilested,3
13980,Mike Maynard,mike-maynard,19
2512,Chris Vrenna,chris-vrenna,7
3586,Matthew Karch,matthew-karch,5
3983,Shinichiro Hara,shinichiro-hara,5
1311,Mike Rubits,mike-rubits,4
469,Dan Tudge,dan-tudge,4
4027,Paul Allen,paul-allen,3
8098,Andrey Iones,andrey-iones,3
3129,Brady Dommermuth,brady-dommermuth,3
3985,Matthew Charles,matthew-charles,2
8099,Vladimir Chernysh,vladimir-chernysh,2
3984,Brandon Riffe,brandon-riffe,1
1754,Wilbert Roget,wilbert-roget,2
1755,II,ii,1
5215,David Dedeine,david-dedeine,4
5207,Kevin Choteau,kevin-choteau,2
543,Tom Jubert,tom-jubert,12
997,Max McGuire,max-mcguire,4
1645,Charlie Cleveland,charlie-cleveland,3
3137,Simon Chylinski,simon-chylinski,2
3138,Steve An,steve-an,2
3139,Cory Strader,cory-strader,2
3140,Brian Cummings,brian-cummings,2
3141,Scott MacDonald,scott-macdonald,2
518,Giles Lamb,giles-lamb,2
579,Chris Parker,chris-parker,10
586,Dan Spitzley,dan-spitzley,6
577,Trey Parker,trey-parker,5
576,Matt Stone,matt-stone,4
582,Brian Menze,brian-menze,4
581,Matt MacLean,matt-maclean,3
575,Eric Fenstermaker,eric-fenstermaker,3
585,Jamie Dunlap,jamie-dunlap,3
584,Matthew Singh,matthew-singh,2
583,Todd Benson,todd-benson,2
578,Zane Lyon,zane-lyon,1
580,Chris Brion,chris-brion,1
1223,Emmanuelle Hardy-Senecal,emmanuelle-hardy-senecal,1
1224,Ilya Nazarov,ilya-nazarov,1
1225,Jaime Villa,jaime-villa,1
1226,Federico Cicchi,federico-cicchi,1
1227,Daniel Amthauer,daniel-amthauer,1
1221,Tomas Henriquez,tomas-henriquez,1
1222,Janick Neveu,janick-neveu,1
1286,Chris Tilton,chris-tilton,14
6098,Marc Albinet,marc-albinet,5
21450,Philippe Ducharme,philippe-ducharme,3
2794,Ceri Young,ceri-young,2
1439,Alexandre Amancio,alexandre-amancio,2
1284,Alex Amancio,alex-amancio,2
21448,Sylvain Bernard,sylvain-bernard,1
21449,Antoine Vimal du Monteil,antoine-vimal-du-monteil,1
1095,Shinji Mikami,shinji-mikami,38
1640,Hiroyuki Kobayashi,hiroyuki-kobayashi,26
3678,Shusaku Uchiyama,shusaku-uchiyama,11
1102,Shigenori Nishikawa,shigenori-nishikawa,8
2263,Kiyohiko Sakata,kiyohiko-sakata,8
1587,Hiroshi Shibata,hiroshi-shibata,8
3679,Misao Senbongi,misao-senbongi,7
1585,Yusuke Hashimoto,yusuke-hashimoto,7
1101,Masato Kimura,masato-kimura,6
21017,Yuji Hagiyama,yuji-hagiyama,5
10560,Masaki Yamanaka,masaki-yamanaka,4
1097,Yoshifumi Hattori,yoshifumi-hattori,4
28595,Yoshinori Matsushita,yoshinori-matsushita,3
3681,Koji Kakae,koji-kakae,3
11164,Yusuke Kan,yusuke-kan,2
16968,Keiichi Sato,keiichi-sato,2
5823,Yoshizumi Hori,yoshizumi-hori,2
27902,Masashi Imanaka,masashi-imanaka,2
28163,Kouji Kakae,kouji-kakae,2
3680,Yuichi Akimoto,yuichi-akimoto,1
594,Randall S. Pitchford II,randall-s-pitchford-ii,3
597,Chris Jensen,chris-jensen,2
1902,Rich Vreeland,disasterpeace,14
463,Renaud Bédard,renaud-bedard,3
459,Phil Fish,phil-fish,2
460,Marie-Christine Bourdua,marie-christine-bourdua,2
461,Thomas Scott,thomas-scott,2
1047,Stuart Chatwood,stuart-chatwood,11
1049,Tyler Sigman,tyler-sigman,4
1046,Chris Bourassa,chris-bourassa,4
1050,Pierre Tardif,pierre-tardif,3
1052,Keir Miron,keir-miron,2
1051,Kelvin McDowell,kelvin-mcdowell,2
1048,Brooks Gordon,brooks-gordon,2
22827,David Kelvin,david-kelvin,19
596,Ben Houge,ben-houge,5
598,John Faulkenbury,john-faulkenbury,3
591,Kristy Junio,kristy-junio,1
563,Matthew Harwood,matthew-harwood,7
789,Dan Paladin,dan-paladin,6
790,Tom Fulp,tom-fulp,3
472,James Ohlen,james-ohlen,13
22004,Mark Brockington,mark-brockington,3
5396,James Monroe,james-monroe,25
3834,Kevin Schilder,kevin-schilder,24
10317,Les Dorscheid,les-dorscheid,24
10887,Matt Pinkston,matt-pinkston,21
27059,Michael Gummelt,michael-gummelt,19
10274,Brian Pelletier,brian-pelletier,17
27058,Jarrod Showers,jarrod-showers,16
27049,Stuart Wiegert,stuart-wiegert,16
4190,Kevin Long,kevin-long,16
18512,Robert Gee,robert-gee,15
18514,Tom Odell,tom-odell,13
4188,Jeffrey Newquist,jeffrey-newquist,12
8709,Daniel Edwards,daniel-edwards,11
6900,Keith Fuller,keith-fuller,11
20914,Michael Vance,michael-vance,11
10885,Dan Kramer,dan-kramer,10
7483,Adam Foshko,adam-foshko,10
12224,Steven Holmes,steven-holmes,10
9152,Steven Ackrich,steven-ackrich,9
468,David Gaider,david-gaider,10
470,Brent Knowles,brent-knowles,7
471,Mike Laidlaw,mike-laidlaw,6
474,Mark Darrah,mark-darrah,6
473,Dean Andersen,dean-andersen,3
475,Ross Gardner,ross-gardner,2
357,Florian Himsl,florian-himsl,5
383,Steve Piggott,steve-piggott,1
384,Justin Pappas,justin-pappas,1
385,Andrew Seyko,andrew-seyko,1
386,Rikard Lingren,rikard-lingren,1
387,Tyler Brenot,tyler-brenot,1
388,Yan Le Gall,yan-le-gall,1
389,Richard Yang,richard-yang,1
390,Ryan Patrick Buckley,ryan-patrick-buckley,1
391,Michael Bao,michael-bao,1
490,Motohide Eshiro,motohide-eshiro,11
489,Alex Jones,alex-jones,4
3944,Alex Garland,alex-garland,3
3216,Yohei Uchida,yohei-uchida,2
486,Noisia,noisia,2
488,Alessandro Taini,alessandro-taini,1
487,Combichrist,combichrist,1
1003,Benoît Sokal,benoit-sokal,12
1008,Rémi Veilleux,remi-veilleux,4
1006,Dimitri Bodiansky,dimitri-bodiansky,2
1007,Nicolas Varley,nicolas-varley,2
1002,Catherine Peyrot,catherine-peyrot,2
1004,Dominic Mercure,dominic-mercure,1
1005,Olivier Fontenay,olivier-fontenay,1
1126,Otto Kivling,otto-kivling,2
1125,John Kaefer,john-kaefer,1
31177,Mikko Uromo,mikko-uromo,1
1121,Tyler Burton Smith,tyler-burton-smith,1
1122,Kyle Rowley,kyle-rowley,1
1123,Janne Pulkkinen,janne-pulkkinen,1
1124,Miloš Jeřábek,milos-jerabek,1
684,John Calhoun,john-calhoun,4
682,Scott Probst,scott-probst,2
679,Cate Latchford,cate-latchford,2
678,Rich Briggs,rich-briggs,2
685,Dean Grandquist,dean-grandquist,1
681,Shereif Fattouh,shereif-fattouh,1
683,Jatin Patal,jatin-patal,1
677,Jeremy Bernstein,jeremy-bernstein,1
553,Jeff Tymoschuk,jeff-tymoschuk,6
552,Jacob Krarup,jacob-krarup,5
558,Steven Ferreira,steven-ferreira,3
560,Dave Roberts,dave-roberts,3
557,Jeff O'Connell,jeff-oconnell,2
559,Chris Stimson,chris-stimson,2
556,Feargus Carroll,feargus-carroll,2
554,Joshua Lee,joshua-lee,2
555,Hani Ghazaleh,hani-ghazaleh,2
551,Tim Carter,tim-carter,2
296,John Chowanec,john-chowanec,3
293,Morgan Gray,morgan-gray,2
295,Alyssa Finley,alyssa-finley,2
292,Erik Caponi,erik-caponi,1
294,Jeff Weir,jeff-weir,1
1012,Gavin Carter,gavin-carter,6
1010,Josh Jones,josh-jones,5
1011,Adam Adamowicz,adam-adamowicz,3
1009,Mark Lampert,mark-lampert,3
1013,Steve Meister,steve-meister,3
1069,Michel Ancel,michel-ancel,23
1070,Christophe Héral,christophe-heral,9
1073,Pierre-Arnaud Lambert,pierre-arnaud-lambert,9
1071,Billy Martin,billy-martin,5
4781,Jean-Christophe Alessandri,jean-christophe-alessandri,4
1072,Abdelhak Elguess,abdelhak-elguess,3
27197,Sophie Buhl,sophie-buhl,1
27198,Christophe Brusseaux,christophe-brusseaux,1
27199,Damien Castelltort,damien-castelltort,1
4224,Toshihiro Nagoshi,toshihiro-nagoshi,22
3729,Koji Yoshida,koji-yoshida,11
3731,Masayoshi Yokoyama,masayoshi-yokoyama,10
3730,Kazuki Hosokawa,kazuki-hosokawa,7
3732,Mitsuhiro Shimano,mitsuhiro-shimano,7
3727,Yutaka Ito,yutaka-ito,6
3728,Saizo Nagai,saizo-nagai,1
8304,John Garvin,john-garvin,7
9268,Darren Yager,darren-yager,7
7942,Ron Allen,ron-allen,4
8305,Jeff Ross,jeff-ross,2
8306,Nathan Whitehead,nathan-whitehead,2
21947,John Hoffman,john-hoffman,2
2037,Jesse Harlin,jesse-harlin,10
2033,David Smith,david-smith,8
2036,Jim Bonney,jim-bonney,5
2038,Matthias Worch,matthias-worch,5
2039,Mike Orenich,mike-orenich,5
2040,Haden Blackman,haden-blackman,5
2035,William Harms,william-harms,3
2034,Laurent Gorga,laurent-gorga,3
1202,Jukka Rintamäki,jukka-rintamaki,7
1203,Johan Skugge,johan-skugge,7
1194,Mikael Säker,mikael-saker,4
1200,Aleksander Grøndal,aleksander-grondal,3
1196,Adrian Vershinin,adrian-vershinin,2
1201,Tobias Dahl,tobias-dahl,1
4596,Ilan Eshkeri,ilan-eshkeri,9
4604,Steven Ross,steven-ross,5
2797,Eric Holmberg-Weidler,eric-holmberg-weidler,4
4598,Kevin Gibson,kevin-gibson,4
4599,Ryan Michael Vaughan,ryan-michael-vaughan,3
4600,Grant Rodiek,grant-rodiek,3
4601,Matt Yang,matt-yang,3
4602,Magnus Hollmo,magnus-hollmo,3
4603,Samantha Miceli,samantha-miceli,3
4597,Danielle von Mayrhauser,danielle-von-mayrhauser,3
2279,Cezary Skorupka,cezary-skorupka,3
2280,Karl Flodin,karl-flodin,3
2277,Krzysztof Tracz,krzysztof-tracz,2
2278,Jakub Witczak,jakub-witczak,2
2281,Panos Rriska,panos-rriska,2
2282,Tom Kaczmarczyk,tom-kaczmarczyk,2
2283,Marek Bączyński,marek-baczynski,2
2275,Konrad Kaca,konrad-kaca,2
2284,Piotr Iwanicki,piotr-iwanicki,2
2276,Marcin Surma,marcin-surma,2
20830,Ben Esposito,ben-esposito,6
2090,Ian Dallas,ian-dallas,4
2089,Joshua Sarfaty,joshua-sarfaty,2
2091,Jeff Russo,jeff-russo,2
2093,Alvin Nelson,alvin-nelson,1
2094,Michael Fallik,michael-fallik,1
2087,Brandon Martynowicz,brandon-martynowicz,1
454,Matt Uelmen,matt-uelmen,10
455,Travis Baldree,travis-baldree,4
980,Amy Hennig,amy-hennig,11
985,Richard Lemarchand,richard-lemarchand,10
989,Pål-Kristian Engstad,pal-kristian-engstad,4
982,Greg Edmonson,greg-edmonson,3
981,Justin Richmond,justin-richmond,2
984,Robh Ruppel,robh-ruppel,2
21823,Charles Bernstein,charles-bernstein,8
2947,Josh Bridge,josh-bridge,7
22487,Kyle McKisic,kyle-mckisic,7
1723,Jon Porter,jon-porter,6
4265,Andrew Zaferakis,andrew-zaferakis,6
1720,Jason Ades,jason-ades,5
9196,Andrew Lacey,andrew-lacey,5
4266,Chuck Yager,chuck-yager,5
899,Jeremy Breslau,jeremy-breslau,3
1717,Joseph Salud,joseph-salud,3
2765,Wilbert Roget II,wilbert-roget-ii,2
561,John Milius,john-milius,2
562,C.J. Kershner,cj-kershner,1
2781,Eiichiro Sasaki,eiichiro-sasaki,5
2777,Shotaro Suga,shotaro-suga,2
517,Mark Rutherford,mark-rutherford,7
1949,Keiji Inafune,keiji-inafune,90
7118,Yoshiki Okamoto,yoshiki-okamoto,46
8682,Noritaka Funamizu,noritaka-funamizu,28
6388,Akari Kaida,akari-kaida,24
5152,Noboru Sugimura,noboru-sugimura,23
1581,Hideki Kamiya,hideki-kamiya,22
1579,Masami Ueda,masami-ueda,22
7908,Syun Nishigaki,syun-nishigaki,17
2314,Makoto Tomozawa,makoto-tomozawa,17
2266,Hiroki Kato,hiroki-kato,15
2935,Kazunori Kadoi,kazunori-kadoi,12
1588,Masaaki Yamada,masaaki-yamada,11
9932,Miki Kijima,miki-kijima,11
7105,Kazuhiro Aoyama,kazuhiro-aoyama,8
5154,Koji Oda,koji-oda,8
2312,Yasuyuki Saga,yasuyuki-saga,6
7906,Ryoji Shimogama,ryoji-shimogama,4
2317,Isao Ōishi,isao-oishi,4
7907,Isao Ohishi,isao-ohishi,2
14025,Junya Watanabe,junya-watanabe,2
642,Peter Tsaykel,peter-tsaykel,4
643,Bret Mogilefsky,bret-mogilefsky,3
1152,Trevor Morris,trevor-morris,8
1153,Matthew Goldman,matthew-goldman,3
1155,Jacques Lebrun,jacques-lebrun,2
1154,Cameron Lee,cameron-lee,1
844,Jonathan Blow,jonathan-blow,5
1701,Luis Antonio,luis-antonio,2
1698,Salvador Bel Murciano,salvador-bel-murciano,1
1699,Andrew Smith,andrew-smith,1
1700,Orsolya Spanyol,orsolya-spanyol,1
1702,Eric A. Anderson,eric-a-anderson,1
1703,Goeun Lee,goeun-lee,1
1697,Ignacio Castaño,ignacio-castano,1
659,Evan Greenwood,evan-greenwood,2
660,Dorianne Dutrieux,dorianne-dutrieux,2
661,Jarred Lunt,jarred-lunt,2
662,Jonathan Hau-Yoon,jonathan-hau-yoon,2
663,Filip Orekhov,filip-orekhov,2
664,Philipe Rios,philipe-rios,2
665,Dawid Strauss,dawid-strauss,2
666,Duncan Greenwood,duncan-greenwood,2
667,Shaz Greenwood,shaz-greenwood,2
668,Deon van Heerden,deon-van-heerden,2
669,Ruan Rothmann,ruan-rothmann,2
670,Richard Pieterse,richard-pieterse,2
546,Ben Prunty,ben-prunty,6
544,Justin Ma,justin-ma,3
545,Matthew Davis,matthew-davis,3
6716,Shigeru Miyamoto,shigeru-miyamoto,154
8735,Satoru Iwata,satoru-iwata,46
2432,Eiji Aonuma,eiji-aonuma,29
6808,Hajime Wakai,hajime-wakai,19
7597,Shinya Takahashi,shinya-takahashi,15
2431,Hidemaro Fujibayashi,hidemaro-fujibayashi,11
6719,Yusuke Nakano,yusuke-nakano,10
7139,Daiki Iwamoto,daiki-iwamoto,9
2426,Satoru Takizawa,satoru-takizawa,7
2434,Yasuaki Iwata,yasuaki-iwata,7
6806,Ryuji Kobayashi,ryuji-kobayashi,5
6721,Yoichi Yamada,yoichi-yamada,5
2430,Akihito Toda,akihito-toda,5
2433,Manaka Kataoka,manaka-kataoka,5
6810,Naoki Mori,naoki-mori,4
20037,Makoto Shimamoto,makoto-shimamoto,4
7336,Takayuki Ikkaku,takayuki-ikkaku,4
6578,Mari Shirakawa,mari-shirakawa,3
2429,Kenji Matsutani,kenji-matsutani,3
2428,Hiroshi Umemiya,hiroshi-umemiya,3
9754,Shinichi Ikematsu,shinichi-ikematsu,3
9809,Takafumi Kiuchi,takafumi-kiuchi,3
12606,Tetsuya Taniyama,tetsuya-taniyama,3
20741,Hiroshi Konishi,hiroshi-konishi,3
20001,Daisuke Nobori,daisuke-nobori,2
2427,Takuhiro Dohta,takuhiro-dohta,2
28321,Takahito Sekimoto,takahito-sekimoto,2
22776,Takumi Kawagoe,takumi-kawagoe,2
26755,Takumi Wada,takumi-wada,2
27707,Hiroshi Ando,hiroshi-ando,2
12574,Kazuya Yoshioka,kazuya-yoshioka,2
28128,Kazuya Miura,kazuya-miura,2
3817,Brian Bloom,brian-bloom,8
27051,Cory Carani,cory-carani,8
18361,Jolyon Myers,jolyon-myers,8
3078,Michael Boon,michael-boon,8
2325,Jeremy Luyties,jeremy-luyties,7
5555,Chris Foster,chris-foster,5
1179,Corky Lehmukuhl,corky-lehmukuhl,4
22853,Marcus Iremonger,marcus-iremonger,4
2646,Gabe Castro,gabe-castro,2
804,Eric Stirpe,eric-stirpe,4
652,Andrew Grant,andrew-grant,3
809,Sara Guinness,sara-guinness,2
810,Stephen McManus,stephen-mcmanus,2
654,Graham Ross,graham-ross,2
808,Kirsten Kennedy,kirsten-kennedy,1
803,Nick Breckon,nick-breckon,1
1331,Masanori Takeuchi,masanori-takeuchi,17
1332,Naotoshi Zin,naotoshi-zin,8
1333,Yoshitaka Suzuki,yoshitaka-suzuki,7
1330,Keiichiro Ogawa,keiichiro-ogawa,7
1327,Tomohiro Shibuya,tomohiro-shibuya,4
1159,Stéphane Blais,stephane-blais,2
3082,Matt Thorson,matt-thorson,4
6566,Lena Raine,lena-raine,4
3083,Pedro Medeiros,pedro-medeiros,2
3084,Amora Bettany,amora-bettany,2
6565,Noel Berry,noel-berry,1
20969,Gabby DaRienzo,gabby-darienzo,1
1583,Hitoshi Yamagami,hitoshi-yamagami,99
1574,Norihiko Hibino,norihiko-hibino,26
1580,Rei Kondoh,rei-kondoh,25
7922,Naoto Tanaka,naoto-tanaka,9
1576,Hiroshi Yamaguchi,hiroshi-yamaguchi,9
1100,Ikumi Nakamura,ikumi-nakamura,9
1575,Takahiro Izutani,takahiro-izutani,8
1582,Mari Shimazaki,mari-shimazaki,5
1578,Takayasu Sodeoka,takayasu-sodeoka,4
1584,Atsushi Kurooka,atsushi-kurooka,4
1577,Erina Niwa,erina-niwa,3
1586,Akiko Kuroda,akiko-kuroda,2
779,Laura Shigihara,laura-shigihara,6
778,Kan Gao,kan-gao,5
780,Gabriela Aprile,gabriela-aprile,1
781,Alisa Tana,alisa-tana,1
782,Cecilie Posthumus,cecilie-posthumus,1
783,Lannie Neely III,lannie-neely-iii,1
1511,Trent Reznor,trent-reznor,10
1173,Dave Anthony,dave-anthony,6
1510,Micah Wright,micah-wright,6
1175,David S. Goyer,david-s-goyer,4
1180,Joe Chiang,joe-chiang,4
9122,Måns Olson,mans-olson,3
1887,Joel Nielsen,joel-nielsen,1
1770,Raphael van Lierop,raphael-van-lierop,3
2273,Atsushi Inaba,atsushi-inaba,24
2970,Jamie Christopherson,jamie-christopherson,12
7313,Akiteru Naka,akiteru-naka,9
2882,Yuji Korekado,yuji-korekado,4
2271,Junichi Oka,junichi-oka,3
15777,Tomoyuki Hayashi,tomoyuki-hayashi,2
25236,Nobuyoshi Nishimura,nobuyoshi-nishimura,2
26536,Kenji Saito,kenji-saito,2
26535,Taku Saito,taku-saito,1
26538,Tetsuro Noda,tetsuro-noda,1
26537,Chihoko Uchiyama,chihoko-uchiyama,1
26534,Takanori Satou,takanori-satou,1
686,Nate Fox,nate-fox,7
691,Brian Fleming,brian-fleming,5
27168,Jason Connell,jason-connell,3
27164,Ian Ryan,ian-ryan,2
27165,Liz Albl,liz-albl,2
27166,Patrick Downs,patrick-downs,2
27167,Jordan Lemos,jordan-lemos,2
27163,Shigeru Umebayashi,shigeru-umebayashi,2
1829,David Bergeaud,david-bergeaud,14
1834,Brian Allgeier,brian-allgeier,10
1827,Brian Hastings,brian-hastings,8
1823,John Fiorito,john-fiorito,6
1826,Alexander Hastings,alexander-hastings,6
1824,Dave Guertin,dave-guertin,5
1825,Greg Baldwin,greg-baldwin,5
29459,url-status=live,url-statuslive,3
29464,"access-date=June 10, 2021",access-datejune-10-2021,1
29455,John Lally,john-lally,1
29457,archive-url=https://ghostarchive.org/varchive/youtube/20211212/etexM_7SnYU,archive-urlhttpsghostarchiveorgvarchiveyoutube2021,1
29458,archive-date=2021-12-12,archive-date2021-12-12,1
29460,"title=Ratchet &amp; Clank ""Inside the Toolbox""",titleratchet-amp-clank-inside-the-toolbox,1
29461,publisher=PS2museum,publisherps2museum,1
29462,YouTube,youtube,1
29463,"date=May 12, 2015",datemay-12-2015,1
1457,François Pelland,francois-pelland,3
1456,Thierry Dansereau,thierry-dansereau,2
1460,Pierre-Luc Coté,pierre-luc-cote,1
1453,Marc-Alexis Côté,marc-alexis-cote,1
1454,Wesley Pincombe,wesley-pincombe,1
1455,Frédéric St-Laurent B.,frederic-st-laurent-b,1
687,Marc Canham,marc-canham,10
692,Jaime Griesemer,jaime-griesemer,5
690,Brain,brain,3
689,Melissa,melissa,2
688,Nathan Johnson,nathan-johnson,2
1497,Michiel van den Bos,michiel-van-den-bos,17
1496,Lennart Sas,lennart-sas,5
2868,Arno van Wingerden,arno-van-wingerden,1
2869,Arnout Sas,arnout-sas,1
2870,Raymond Bingham,raymond-bingham,1
2871,Djurre van Dijk,djurre-van-dijk,1
3166,Dave Richard,dave-richard,3
3167,Ash Pannel,ash-pannel,1
3168,Mathieu Côté,mathieu-cote,1
3905,Vladimir Šimůnek,vladimir-simunek,2
3906,Pavel Čížek,pavel-cizek,2
2205,Jon Burton,jon-burton,30
2201,Leon Warren,leon-warren,11
2203,Howard Shore,howard-shore,6
2204,Rob Westwood,rob-westwood,5
2202,Steve Harding,steve-harding,3
2206,James McLoughlin,james-mcloughlin,2
1302,Sergey Grygorovych,sergey-grygorovych,9
1299,Ernest Adams,ernest-adams,2
1301,Yuriy Negrobov,yuriy-negrobov,1
1300,Anton Bolshakov,anton-bolshakov,1
1304,Firelake,firelake,1
1305,Prague Symphonic Orchestra,prague-symphonic-orchestra,1
1306,Oles Shishkovtsov,oles-shishkovtsov,1
1303,MoozE,mooze,1
20179,Claes Engdal,claes-engdal,1
20180,Anders Olsson,anders-olsson,1
4972,Gordy Haab,gordy-haab,5
1265,Bernd Diemer,bernd-diemer,4
24172,Jonas Kjellström,jonas-kjellstrom,3
24167,Linus Josephson,linus-josephson,3
24168,Andrew Hamilton,andrew-hamilton,2
24171,James Salt,james-salt,1
24169,Paul Keslin,paul-keslin,1
24170,Craig McLeod,craig-mcleod,1
24165,Mitch Dyer,mitch-dyer,1
24166,Niklas Fegraeus,niklas-fegraeus,1
1389,Warren Spector,warren-spector,29
831,Alexander Brandon,alexander-brandon,20
784,Graham Reznick,graham-reznick,6
787,Nik Bowen,nik-bowen,6
785,Larry Fessenden,larry-fessenden,5
786,Will Byles,will-byles,4
25222,Tom Heaton,tom-heaton,4
30048,Pete Samuels,pete-samuels,3
30879,Mark Korven,mark-korven,2
788,Brandon Kosinski,brandon-kosinski,1
2839,Velinquent,velinquent,1
2840,Satchely,satchely,1
2843,Dan Salvato,dan-salvato,1
590,Sam Houser,sam-houser,11
1136,Tim Sweeney,tim-sweeney,11
3336,Peter Hajba,skaven,10
2069,Mark Allen,mark-allen,7
2020,Jeronimo Barrera,jeronimo-barrera,4
1848,Kimmo Kajasto,kimmo-kajasto,3
1847,Markus Stein,markus-stein,3
1849,Kärtsy Hatakka,kartsy-hatakka,3
1846,Sami Vanhatalo,sami-vanhatalo,3
13957,Kaweh Kazemi,kaweh-kazemi,3
18597,Michael Owens,michael-owens,3
1850,Samuli Viikinen,samuli-viikinen,3
11611,Rich Rosado,rich-rosado,2
20614,Adam Holbrough,adam-holbrough,2
20613,Ray Larabie,ray-larabie,2
15305,Peter Marshall,peter-marshall,2
3362,Kim Salo,kim-salo,2
3363,Erik Pojar,erik-pojar,2
3364,Marin Gazzari,marin-gazzari,2
23048,Steve Donohoe,steve-donohoe,2
929,Morten Iversen,morten-iversen,3
930,Rasmus Højengaard,rasmus-hojengaard,1
931,Helle Marijnissen,helle-marijnissen,1
1407,Marianne Krawczyk,marianne-krawczyk,15
1771,Alan Lawrance,alan-lawrance,4
5728,Yoko Shimomura,yoko-shimomura,67
5732,Tetsuya Nomura,tetsuya-nomura,39
7498,Shinji Hashimoto,shinji-hashimoto,24
2333,Yusuke Naora,yusuke-naora,16
11632,Hajime Tabata,hajime-tabata,9
6032,Isamu Kamikokuryo,isamu-kamikokuryo,9
12834,Akiko Ishibashi,akiko-ishibashi,6
25328,Saori Itamuro,saori-itamuro,4
22493,Roberto Ferrari,roberto-ferrari,3
25329,Takumi Nishida,takumi-nishida,3
712,Josh Mosqueira,josh-mosqueira,7
710,Duane Pye,duane-pye,3
714,John Johnson,john-johnson,3
711,Paris Qualles,paris-qualles,2
713,Angie Radwan-Pytlewski,angie-radwan-pytlewski,2
715,Drew Dunlop,drew-dunlop,2
833,Lorne Lanning,lorne-lanning,9
836,Paul O'Connor,paul-oconnor,8
835,Jeff Brown,jeff-brown,8
837,Frank Simon,frank-simon,6
834,Jeffrey Nicholas Brown,jeffrey-nicholas-brown,4
838,Ellen Meijers-Gabriel,ellen-meijers-gabriel,4
839,Christophe Chaverou,christophe-chaverou,2
840,Eric Yiskis,eric-yiskis,2
1055,Jon Evans,jon-evans,5
1056,Matthias Bossi,matthias-bossi,3
3673,Swann Martin-Raget,swann-martin-raget,2
1797,Mark Foster,mark-foster,1
1798,David Fenn,david-fenn,1
1799,Andrew Gleeson,andrew-gleeson,1
2242,Daisuke Uchiyama,daisuke-uchiyama,14
2243,Kei Hirono,kei-hirono,4
2240,Makoto Sato,makoto-sato,2
1264,Cevat Yerli,cevat-yerli,8
1448,Tilman Sillescu,tilman-sillescu,8
1450,Chris Brunning,chris-brunning,2
1446,Peter Antovski,peter-antovski,2
1445,Michael Read,michael-read,1
1444,Peter Gamble,peter-gamble,1
1449,Carsten Wenzel,carsten-wenzel,1
1443,Patrick Esteves,patrick-esteves,1
4577,Mark Griskey,mark-griskey,13
1683,Aaron Meyers,aaron-meyers,7
3701,Mark Dochtermann,mark-dochtermann,22
1860,Chris Taylor,chris-taylor,13
7724,Darren Monahan,darren-monahan,7
9749,Ron Dimant,ron-dimant,6
1878,Colin McComb,colin-mccomb,4
7460,Jeff McAteer,jeff-mcateer,4
1140,Eric DeMilt,eric-demilt,3
4377,Tom French,tom-french,2
1141,Matthew J. Norton,matthew-j-norton,2
8942,Matt Norton,matt-norton,2
1096,Masafumi Takada,masafumi-takada,42
1098,Naoki Katakai,naoki-katakai,3
1104,Hideaki Nakata,hideaki-nakata,1
1099,Eirō Yoshii,eiro-yoshii,1
1103,Hideyuki Miyashita,hideyuki-miyashita,1
1094,Itaru Yokoyama,itaru-yokoyama,1
1210,Gimmen Gong,gimmen-gong,1
1184,Allister Brimble,alister-brimble,140
1530,Chris Delay,chris-delay,7
1531,Mark Morris,mark-morris,7
3717,Robin Beanland,robin-beanland,17
5386,Gregg Mayles,gregg-mayles,9
4862,Mike Chapman,mike-chapman,5
15569,Ryan Stevenson,ryan-stevenson,3
7910,Joe Neate,joe-neate,2
20937,Chris Allcock,chris-allcock,1
20938,Peter Hentze,peter-hentze,1
20939,Adam Park,adam-park,1
20940,Peter Campbell,peter-campbell,1
1487,Maxime Béland,maxime-beland,3
1485,Raphaël Lacoste,raphael-lacoste,1
1488,Mathieu Mazerolle,mathieu-mazerolle,1
29896,Geoff Keighley,geoff-keighley,20
5822,Satoshi Takamatsu,satoshi-takamatsu,3
15721,Gez Fry,gez-fry,2
23981,Masatoshi Fukazawa,masatoshi-fukazawa,1
23980,Hidehiro Goda,hidehiro-goda,1
954,Yosuke Shiokawa,yosuke-shiokawa,2
955,Eric Studer,eric-studer,2
956,Naoto Sugiyama,naoto-sugiyama,1
1366,Ashton Raze,ashton-raze,3
1368,Finn Brice,finn-brice,2
1369,Stephen Alexander,stephen-alexander,2
1370,Adam Riches,adam-riches,2
1371,Jay Baylis,jay-baylis,2
1384,Tom Coxon,tom-coxon,2
1373,Lili Ibrahim,lili-ibrahim,2
1375,Doris Carrascosa,doris-carrascosa,2
1379,William Lundstedt,william-lundstedt,2
1381,Catherine West,catherine-west,2
1376,Harriet Jones,harriet-jones,1
1377,Rosie Ball,rosie-ball,1
1378,Curtis Schweitzer,curtis-schweitzer,1
1383,Alex Lawson,alex-lawson,1
1380,Bart van der Werf,bart-van-der-werf,1
1372,Ricky Johnsonn,ricky-johnsonn,1
1367,Damon Reece,damon-reece,1
1374,George Wyman,george-wyman,1
1382,Michael Reilly,michael-reilly,1
845,David Hellman,david-hellman,3
846,Cheryl Ann Fulton,cheryl-ann-fulton,2
847,Shira Kammen,shira-kammen,2
848,Jami Sieber,jami-sieber,2
1087,Craig Hubbard,craig-hubbard,9
1093,Kevin Stephens,kevin-stephens,7
1089,Wes Saulsberry,wes-saulsberry,4
1090,David Longo,david-longo,4
1092,Brad Pendleton,brad-pendleton,4
1088,John Mulkey,john-mulkey,4
1091,Chris Hewett,chris-hewett,1
4927,Steven Masters,steven-masters,2
2318,Tokuro Fujiwara,tokuro-fujiwara,59
3458,Naofumi Hataya,naofumi-hataya,34
5370,Ippo Yamada,ippo-yamada,33
5148,Tatsuya Minami,tatsuya-minami,32
8653,Tomonori Sawada,tomonori-sawada,13
12551,Yuji Ishihara,yuji-ishihara,11
15624,Toru Nakayama,toru-nakayama,11
11422,Katsuhiro Hasegawa,katsuhiro-hasegawa,10
2319,Masayuki Akahori,masayuki-akahori,10
7146,Michael Merren,michael-merren,8
5681,Yukihiko Tani,yukihiko-tani,7
3465,Makoto Oshitani,makoto-oshitani,7
11655,Masako Honma,masako-honma,6
2311,Kenichi Iwao,kenichi-iwao,6
10214,Takayuki Inoue,takayuki-inoue,5
4091,Satomi Hayashi,satomi-hayashi,4
8350,Hideaki Motozuka,hideaki-motozuka,4
9676,Noriyuki Ōtani,noriyuki-otani,4
2313,Takashi Niigaki,takashi-niigaki,3
12705,Tatsuya Kozaki,tatsuya-kozaki,3
1498,Bill Munk,bill-munk,2
1499,David Hensley,david-hensley,1
896,Jennie Muskett (Series 1–4),jennie-muskett-series-1-4,1
4327,Kenneth Wayne Burd,ken-burd,7
1128,Zeke Sparkes,zeke-sparkes,2
1129,Shane Lacy Hensley,shane-lacy-hensley,2
2936,Dai Satō,dai-sato,4
2934,Kohta Suzuki,kohta-suzuki,1
2933,Ichiro Komoto,ichiro-komoto,1
2937,Michiteru Okabe,michiteru-okabe,1
2682,Joe Harty,joe-harty,1
2683,David Rubel,david-rubel,1
2684,Brent Sodman,brent-sodman,1
2686,Dave Crooks,dave-crooks,1
12331,Dean Evans,dean-evans,5
26541,Olivier Nicolas,olivier-nicolas,1
26542,Fabrice Cuny,fabrice-cuny,1
26543,Raphaël Parent,raphael-parent,1
26539,Power Glove,power-glove,1
26540,Alexandre Letendre,alexandre-letendre,1
7103,Saori Maeda,saori-maeda,2
7104,Yasuhisa Kawamura,yasuhisa-kawamura,2
2291,Rom Di Prisco,rom-di-prisco,15
2290,Pete Ellis,pete-ellis,2
2292,Darren Sugg,darren-sugg,2
25806,Vladimír Šimůnek,vladimir-simunek-2,1
2099,Lawrence Schick,lawrence-schick,14
2103,Matt Firor,matt-firor,8
2098,Wynne McLaughlin,wynne-mclaughlin,7
2102,Richard Lambert,richard-lambert,6
2100,Brad Derrick,brad-derrick,5
2101,Nick Konkle,nick-konkle,5
2096,Jared Carr,jared-carr,5
2104,Ala Diaz,ala-diaz,5
2097,Daniel Dunham,daniel-dunham,5
2095,Mathew Weathers,mathew-weathers,5
755,Jan Klose,jan-klose,8
759,Knut Avenstroup Haugen,knut-avenstroup-haugen,6
758,Max Kübler,max-kubler,5
756,Sven Hammer,sven-hammer,3
757,Timo Treffer,timo-treffer,2
550,Damjan Mravunac,damjan-mravunac,15
547,Alen Ladavac,alen-ladavac,8
548,Davor Hunski,davor-hunski,8
549,Filip Brtan,filip-brtan,3
761,Ryan Stefanelli,ryan-stefanelli,3
760,Marvin Donald,marvin-donald,1
8879,Masayoshi Soken,masayoshi-soken,23
728,Hideki Naganuma,hideki-naganuma,7
729,Osamu Sato,osamu-sato,7
501,Aaron Bouthillier,aaron-bouthillier,2
502,Meghan Shaw,meghan-shaw,2
503,Jamie Cheng,jamie-cheng,2
505,Chris Costa,chris-costa,2
499,Jeff Agala,jeff-agala,2
504,Alicia Savin,alicia-savin,1
498,Chris Dahlen,chris-dahlen,1
657,Joe Pinney,joe-pinney,5
653,James Windeler,james-windeler,4
647,Meghan Thornton,meghan-thornton,3
649,Justin Sloan,justin-sloan,2
650,John Dombrow,john-dombrow,2
656,Joe Ching,joe-ching,2
658,Joe Henke,joe-henke,1
648,Brad Kane,brad-kane,1
655,Matt Allmer,matt-allmer,1
4103,Nobuo Uematsu,nobuo-uematsu,100
7282,Kazushige Nojima,kazushige-nojima,29
7279,Yoshinori Kitase,yoshinori-kitase,26
7280,Masashi Hamauzu,masashi-hamauzu,17
7283,Motomu Toriyama,motomu-toriyama,13
3312,Naoki Yamamoto,naoki-yamamoto,10
7500,Sachie Hirano,sachie-hirano,6
22491,Mitsunori Takahashi,mitsunori-takahashi,4
7284,Shintaro Takai,shintaro-takai,4
11633,Mitsuto Suzuki,mitsuto-suzuki,3
6466,Satoru Koyama,satoru-koyama,3
28189,Naoki Hamaguchi,naoki-hamaguchi,2
28190,Hiroaki Iwaki,hiroaki-iwaki,2
28191,Kanako Ikeda,kanako-ikeda,2
28192,Mayu Nakazawa,mayu-nakazawa,2
28193,Daiki Hoshina,daiki-hoshina,2
22492,Kyohei Suzuki,kyohei-suzuki,1
612,Olivier Deriviere,olivier-deriviere,12
608,Stéphane Beauverger,stephane-beauverger,4
616,Philippe Moreau,philippe-moreau,3
615,Nicolas Simon,nicolas-simon,2
609,Alain Damasio,alain-damasio,2
610,Jean-Maxime Moris,jean-maxime-moris,1
613,Aleksi Briclot,aleksi-briclot,1
617,Marc Pestka,marc-pestka,1
618,Jérome Banal,jerome-banal,1
1636,Hideaki Itsuno,hideaki-itsuno,26
1637,Daigo Ikeno,daigo-ikeno,13
4089,Makoto Ikehara,makoto-ikehara,13
1635,Masayoshi Ishi,masayoshi-ishi,10
1634,Tadayoshi Makino,tadayoshi-makino,10
1641,Yoichiro Ikeda,yoichiro-ikeda,9
1638,Bingo Morihashi,bingo-morihashi,8
7689,Minae Matsukawa,minae-matsukawa,6
1633,Yoshiharu Nakao,yoshiharu-nakao,4
21669,Kento Kinoshita,kento-kinoshita,2
21670,DDDAstaff,dddastaff,2
21671,''Dark Arisen'' only,dark-arisen-only,2
1437,Clint Hocking,clint-hocking,5
1441,Louis-Pierre Pharand,louis-pierre-pharand,3
1440,Bertrand Hélias,bertrand-helias,3
1435,Patrick Redding,patrick-redding,2
1442,Pierre Rivest,pierre-rivest,1
1436,Armand Constantine,armand-constantine,1
1785,Martin Anward,martin-anward,2
1788,Anna Norrevik,anna-norrevik,1
1786,Rikard Åslund,rikard-aslund,1
1790,Joakim Andreasson,joakim-andreasson,1
1791,Daniel Moregård,daniel-moregard,1
3965,scntfc,scntfc,7
22867,Sean Krankel,sean-krankel,3
22866,Kevin Riach,kevin-riach,2
22868,Heather Gross,heather-gross,2
22869,Bryant Cannon,bryant-cannon,2
22864,Andrew Rohrmann,andrew-rohrmann,2
22865,Spencer Stuard,spencer-stuard,2
916,Jason Kim,jason-kim,11
898,Chuck Jordan,chuck-jordan,8
909,Tara Rueping,tara-rueping,6
914,Tulley Rafferty,tulley-rafferty,5
910,Mark Dickenson,mark-dickenson,4
897,Zack Keller,zack-keller,3
907,Dave Bogan,dave-bogan,3
901,Jonathan Stauder,jonathan-stauder,3
25450,David R. Chaverri,david-r-chaverri,2
900,Ashley Ruhl,ashley-ruhl,2
913,Bryan Roth,bryan-roth,2
911,Cody Murry,cody-murry,1
912,Adam Sarasohn,adam-sarasohn,1
902,Also credited as Stephen McManus.,also-credited-as-stephen-mcmanus,1
906,John Bernhelm,john-bernhelm,1
905,Steve McManus,steve-mcmanus,1
904,Luke Maulding,luke-maulding,1
908,Leif Estes,leif-estes,1
917,Thomas Rollus,thomas-rollus,1
918,Cœur de pirate,coeur-de-pirate,1
919,Jean-François Poirier,jean-francois-poirier,1
920,Mélissa Cazzaro,melissa-cazzaro,1
921,Aurélie Débant,aurelie-debant,1
21659,Brie Code,brie-code,1
671,Lee Petty,lee-petty,4
672,Greg Rice,greg-rice,1
673,Oliver Franzke,oliver-franzke,1
967,Greg Rahn,greg-rahn,2
969,Leslie Grimm,leslie-grimm,2
968,Dennis Casewel,dennis-casewel,1
970,Lynn Kirkpatrick,lynn-kirkpatrick,1
1060,Stephen Dinehart,stephen-dinehart,2
1064,Ned Way,ned-way,2
1065,Kyle Wilson,kyle-wilson,1
1059,Steve Niles,steve-niles,1
1061,TJ Wagner,tj-wagner,1
1062,Heinz Schuller,heinz-schuller,1
1063,Adrian Stone,adrian-stone,1
3277,Graham Gaylor,graham-gaylor,1
3278,Jesse Joudrey,jesse-joudrey,1
1296,John Zuur Platten,john-zuur-platten,13
1298,Peter Wyse,peter-wyse,7
1297,Nathan Hendrickson,nathan-hendrickson,2
1794,Jeff Broadbent,jeff-broadbent,6
1793,Don Ferrone,don-ferrone,1
937,Martin O'Donnell,martin-odonnell,26
944,Jason Jones,jason-jones,19
932,Joseph Staten,joseph-staten,13
940,Jonty Barnes,jonty-barnes,12
935,Paul McCartney,paul-mccartney,11
946,Christopher Opdahl,christopher-opdahl,11
938,David Dunn,david-dunn,11
950,Ken Malcolm,ken-malcolm,11
953,Ben Wallace,ben-wallace,10
949,Liz M.E. Chung,liz-me-chung,9
952,Zach Russell,zach-russell,9
948,Alex Pfeiffer,alex-pfeiffer,9
933,James McQuillan,james-mcquillan,4
22407,Benjamin Lee,benjamin-lee,1
2351,Jun Senoue,jun-senoue,47
4744,Simon Thomley,simon-thomley,3
4745,Christian Whitehead,christian-whitehead,3
4746,Tee Lopes,tee-lopes,3
4749,Tom Fry,tom-fry,3
4748,Jared Kasl,jared-kasl,2
4747,Lola Shiraishi,lola-shiraishi,2
878,Paweł Marchewka,pawel-marchewka,7
876,Dan Jolley,dan-jolley,6
880,Maciej Binkowski,maciej-binkowski,3
882,Tymon Smektała,tymon-smektala,3
883,Bartosz Kulon,bartosz-kulon,2
877,Rafal W. Orkan,rafal-w-orkan,2
879,Adrian Ciszewski,adrian-ciszewski,2
881,Allen Shelton,allen-shelton,2
962,Andy Schatz,andy-schatz,3
963,Andy Nguyen,andy-nguyen,1
964,Ben Swinden,ben-swinden,1
965,Adam deGrandis,adam-degrandis,1
1525,Ken Rolston,ken-rolston,6
1617,Craig Walton,craig-walton,5
7217,Mark E. Nelson,mark-e-nelson,2
23053,Douglas Goodall,douglas-goodall,1
23054,Christiane H. K. Meister,christiane-h-k-meister,1
1256,Daniel Neuberger,daniel-neuberger,1
1239,Jonas Kyratzes,jonas-kyratzes,7
1240,Davor Tomičić,davor-tomicic,5
2932,Chuck Ragan,chuck-ragan,1
20933,Nicolas Sérouart,nicolas-serouart,3
20931,Guillaume Liechtele,guillaume-liechtele,2
20932,Gregory Z. Szucs,gregory-z-szucs,2
6174,Florent Guillaume,florent-guillaume,1
6175,Grégory Szucs,gregory-szucs,1
21116,Armando Troisi,armando-troisi,3
21117,Oskar Gabrielson,oskar-gabrielson,1
21118,Carlos Villarreal Kwasek,carlos-villarreal-kwasek,1
21119,Conny Bergqvist,conny-bergqvist,1
21120,Fabien Christin,fabien-christin,1
21121,Joakim Stigsson,joakim-stigsson,1
21122,Andreas Morell,andreas-morell,1
21123,David Sirland,david-sirland,1
21124,Ryan McArthur,ryan-mcarthur,1
21114,Nathalie Ek,nathalie-ek,1
21115,Ross Darvill,ross-darvill,1
1532,Kirill Pokrovsky,kirill-pokrovsky,6
3104,Farhang Namdar,farhang-namdar,4
3105,David Walgrave,david-walgrave,2
20455,Alex Beachum,alex-beachum,1
20456,Sarah Scialli,sarah-scialli,1
1776,Toby Gard,toby-gard,9
1775,Eric Lindstrom,eric-lindstrom,6
1773,Troels Brun Folmann,troels-brun-folmann,5
1774,Colin O'Malley,colin-omalley,3
1772,Rob Pavey,rob-pavey,2
1777,Harley White-Wiedow,harley-white-wiedow,1
1211,Derek Yu,derek-yu,5
1214,Eirik Suhrke,eirik-suhrke,5
1212,George Buzinkai,george-buzinkai,2
1213,Jonathan Perry,jonathan-perry,2
1215,Andy Hull,andy-hull,2
1666,Daniel McCabe,daniel-mccabe,1
891,Glauber Kotaki,glauber-kotaki,4
893,Gordon McGladdery,gordon-mcgladdery,3
889,Teddy Lee,teddy-lee,2
890,Benny Lee,benny-lee,1
892,Judson Cowan,judson-cowan,1
894,Kenny Lee,kenny-lee,1
3366,Hannes Seifert,hannes-seifert,1
3360,Perttu Kivilaakso,perttu-kivilaakso,1
853,David Whittaker,david-whittaker,70
18168,Jeroen Godfried Tel,jeroen-tel,23
851,David Perry,david-perry,15
850,Nick Bruty,nick-bruty,8
849,Stephen Crow,stephen-crow,7
857,Nick Jones,nick-jones,4
855,"""Jimy""",jimy,2
852,"""Chronos""",chronos,2
856,"""TGMS""",tgms,2
2454,Goichi Suda,suda51,23
2051,Michael Stemmle,mike-stemmle,10
6793,Christopher Williams,christopher-williams,6
6539,Eric Gewirtz,eric-gewirtz,5
7295,Matthew Palmer,matthew-palmer,2
28806,Peter Dellekamp Siefert,peter-dellekamp-siefert,1
28807,John Northan,john-northan,1
5536,Dan Tanguay,dan-tanguay,4
6260,Dustin King,dustin-king,4
6259,Kara Massie,kara-massie,3
6258,Dave Calvin,dave-calvin,1
3029,Lawrence Steele (Sound),lawrence-steele-sound,1
3030,Kimiko (2D art/PR),kimiko-2d-artpr,1
3031,Henrique Lopes (3D art),henrique-lopes-3d-art,1
3032,Jason Henry,jason-henry,1
619,Alex Ward,alex-ward,8
620,Craig Sullivan,craig-sullivan,7
625,Hamish Young,hamish-young,6
622,Matt Webster,matt-webster,6
626,Paul Ross,paul-ross,5
627,Olly Read,olly-read,3
624,Peter Lake,peter-lake,2
623,San Shepherd,san-shepherd,2
621,Steve Uphill,steve-uphill,2
832,Hyperduck Soundworks,hyperduck-soundworks,3
829,Alex Kain,alex-kain,2
830,Dean Dodrill,dean-dodrill,2
2473,Shoji Meguro,shoji-meguro,34
2471,Katsura Hashino,katsura-hashino,27
7731,Kazuma Kaneko,kazuma-kaneko,25
2467,Shigenori Soejima,shigenori-soejima,25
7189,Tetsuya Takahashi,tetsuya-takahashi,16
7673,Ryota Kozuka,ryota-kozuka,13
2472,Yuichiro Tanaka,yuichiro-tanaka,10
8666,Daisuke Kanada,daisuke-kanada,8
8667,Toshiki Konishi,toshiki-konishi,8
2469,Yujiro Kosaka,yujiro-kosaka,7
2470,Shinji Yamamoto,shinji-yamamoto,6
5564,Teppei Kobayashi,teppei-kobayashi,6
11483,Minoru Maeda,minoru-maeda,5
3569,Azusa Kido,azusa-kido,4
2468,Masayoshi Suto,masayoshi-suto,4
8057,Masaru Hatano,masaru-hatano,4
2474,Naoya Maeda,naoya-maeda,4
3568,Atsushi Watanabe,atsushi-watanabe,3
8895,Hanako Uchibe,hanako-uchibe,3
20841,Tomokazu Ohara,tomokazu-ohara,3
21100,Daisuke Yajima,daisuke-yajima,3
27580,Toshiyuki Onishi,toshiyuki-onishi,2
8896,Masatoshi Kobayashi,masatoshi-kobayashi,2
26573,Mumon Usuda,mumon-usuda,2
1127,Dan Haigh,dan-haigh,5
1205,Jakub Dvorský,jakub-dvorsky,5
1206,Tomáš Dvořák (Floex),floex,5
2440,Mal Blackwell,mal-blackwell,17
4875,David Fox,david-fox,15
1247,Ramin Djawadi,ramin-djawadi,15
1057,Steven Spielberg,steven-spielberg,11
3796,Patrick Gilmore,patrick-gilmore,10
2439,Richard Farrelly,richard-farrelly,10
2441,Greg Goodrich,greg-goodrich,10
3056,Jeremiah O'Flaherty,jeremiah-oflaherty,10
6224,Tobias Strömvall,tobias-stromvall,6
4402,Beau Anderson,beau-anderson,6
10387,Jerry O'Flaherty,jerry-oflaherty,6
21198,Mike Verdu,mike-verdu,6
3795,Rex Dickson,rex-dickson,5
9396,Akihiro Akaike,akihiro-akaike,5
4904,David Wheeler,david-wheeler,4
16586,Dan Lawton,dan-lawton,4
26398,Robert Weaver,robert-weaver,4
23453,Stephen Chow,stephen-chow,3
22828,Antonio Barnes,antonio-barnes,3
3777,Waylon Brinck,waylon-brinck,2
24883,Michael Dowding,michael-dowding,2
17003,Gerardo Sprigg,gerardo-sprigg,2
6334,Richard Starr,richard-starr,2
7887,Michael McCarthy,michael-mccarthy,2
9395,Tomo Moriwaki,tomo-moriwaki,2
26047,Sean Decker,sean-decker,2
15401,Leon Brazil,leon-brazil,2
3794,Simon Myszko,simon-myszko,2
1479,Gabrielle Shrager,gabrielle-shrager,8
1481,Paul Tumelaire,paul-tumelaire,7
1483,Bruno Galet,bruno-galet,4
1476,Yoan Fanise,yoan-fanise,3
1482,Julien Chevallier,julien-chevallier,2
1484,Stéphane Fricard,stephane-fricard,2
1477,Gerard Barnaud,gerard-barnaud,2
1480,Simon Chocquet-Bottani,simon-chocquet-bottani,2
1475,Paul Tumlaire,paul-tumlaire,1
1478,Matt Entin & Ed Kuehnel,matt-entin-ed-kuehnel,1
1262,Tim Partlett,tim-partlett,3
1266,Jack Mamais,jack-mamais,3
1263,Greg Sarjeant,greg-sarjeant,2
1267,Craig Tiller,craig-tiller,2
4222,Koji Tokieda,koji-tokieda,3
868,Nobuaki Mitake,nobuaki-mitake,2
1017,Rob Nesler,rob-nesler,5
1016,Bobby Null,bobby-null,3
1020,Adam Brennecke,adam-brennecke,3
1015,Carrie Patel,carrie-patel,2
1018,Brandon Adler,brandon-adler,2
1019,Justin Bell,justin-bell,2
1014,Olivia Veras,olivia-veras,1
1280,Jake Kaufman,jake-kaufman,46
1277,Dan Wentz,dan-wentz,10
1278,George Oldziey,george-oldziey,8
1282,James Hague,james-hague,4
1281,Luke Schneider,luke-schneider,2
1651,Clint Mansell,clint-mansell,3
1652,Chris Lennertz,chris-lennertz,2
1795,Vladimir Frey,vladimir-frey,1
865,Daisuke Sato,daisuke-sato,8
867,Hiroyuki Sakamoto,hiroyuki-sakamoto,5
864,Tsuyoshi Furuta,tsuyoshi-furuta,5
869,Jun Yoshino,jun-yoshino,3
871,NEWDEAL,newdeal,1
872,metalmouse,metalmouse,1
873,Gabiel Roberto,gabiel-roberto,1
874,Tatsuya Kaku,tatsuya-kaku,1
875,Takashi Atsu,takashi-atsu,1
866,Tadayoshi Yamamoto,tadayoshi-yamamoto,1
870,Grandfunk,grandfunk,1
3704,Filippo Beck Peccoz,filippo-beck-peccoz,15
3707,Dominik Abé,dominik-abe,3
3708,Bianca Dörr,bianca-dorr,3
3709,Martin Hamberger,martin-hamberger,3
3710,Felix Friedlein,felix-friedlein,2
3712,Moritz Wagner,moritz-wagner,2
3714,Dennis Huszak,dennis-huszak,2
2329,Cesar Stastny,cesar-stastny,3
2322,Chris Valenziano,chris-valenziano,2
2323,Patrick Doody,patrick-doody,1
2326,Marwan A. Abderrazzaq,marwan-a-abderrazzaq,1
2328,John M. DeHart,john-m-dehart,1
2324,Jesse Synder,jesse-synder,1
2419,Brian Johnson,brian-johnson,8
12580,Richard Smith,richard-smith,8
18948,Mark Ganus,mark-ganus,7
3079,Zied Rieke,zied-rieke,6
1864,Richard Kriegler,richard-kriegler,6
2558,Shawn Green,shawn-green,27
1192,Rod Abernethy,rod-abernethy,19
3557,Will Loconto,will-loconto,14
13979,Jonathan Wright,jonathan-wright,9
10888,Zachary Quarles,zachary-quarles,8
1193,Stephan Martinière,stephan-martiniere,4
2192,David Koenig,david-koenig,4
17943,Andrew Welch,andrew-welch,4
5122,Deke Waters,deke-waters,3
27136,Robert Duffy,robert-duffy,1
20992,Kevin Poupard,kevin-poupard,2
3402,Paul Schuegraf,paul-schuegraf,5
2309,Shawn Kittelsen,shawn-kittelsen,2
1066,Kyle Gabler,kyle-gabler,5
1068,Allan Blomquist,allan-blomquist,5
1067,Ron Carmel,ron-carmel,2
1385,Michael Gordon Shapiro,michael-gordon-shapiro,1
2459,Fumito Ueda,fumito-ueda,6
2524,Kow Otani,kow-otani,6
2522,Masashi Kudo,masashi-kudo,3
2533,Kenji Kaido,kenji-kaido,3
2521,Takashi Izutani,takashi-izutani,2
2523,Junichi Hosono,junichi-hosono,2
3762,Patrick Dubuc,patrick-dubuc,1
3757,Mathieu Gauthier,mathieu-gauthier,1
3758,Réjean Charpentier,rejean-charpentier,1
3759,François Vaillancourt,francois-vaillancourt,1
3760,Alexandre Sabourin,alexandre-sabourin,1
3761,Patrice Côté,patrice-cote,1
1952,Lee Jackson,lee-jackson,26
5141,Keith Schuler,keith-schuler,16
3711,Joe Siegler,joe-siegler,14
12734,Ken Silverman,ken-silverman,14
16691,Douglas Grounds,douglas-grounds,10
1953,Jim Norwood,jim-norwood,9
1954,Frank Maddin,frank-maddin,9
9391,Michael Wallin,michael-wallin,7
21692,"Earl Hammon, Jr",earl-hammon-jr,3
21689,Robert Gaines,robert-gaines,3
21690,Robert Field,robert-field,3
21691,Francesco Gigliotti,francesco-gigliotti,3
1940,Riley Cooper,riley-cooper,11
1937,Aaron Vanian,aaron-vanian,2
25231,Jason Lamparty,jason-lamparty,6
2017,Peter Grant,peter-grant,3
2015,Steven Olds,steven-olds,3
2019,Mike Skupa,mike-skupa,3
2018,Shawn Lee,shawn-lee,3
2016,Mike Slett,mike-slett,3
2004,Claude Langlais,claude-langlais,2
5683,Takeshi Miura,takeshi-miura,7
5819,Tsukasa Takenaka,tsukasa-takenaka,6
5818,Takayuki Hama,takayuki-hama,2
5824,Koushi Nakanishi,koushi-nakanishi,2
5821,Ichiro Kohmoto,ichiro-kohmoto,1
4291,Keiki Kobayashi,keiki-kobayashi,18
3636,Yoshinori Ono,yoshinori-ono,14
3632,Hideyuki Fukasawa,hideyuki-fukasawa,10
4293,Masahiro Aoki,masahiro-aoki,4
4296,Takayuki Nakayama,takayuki-nakayama,3
4294,Takatsugu Wakabayashi,takatsugu-wakabayashi,2
4295,Toshiyuki Kamei,toshiyuki-kamei,1
4292,Zac Zinger,zac-zinger,1
1566,Mark Simmons,mark-simmons,7
1562,Edward Fowler,edward-fowler,1
1563,Sebastiano Mandala,sebastiano-mandala,1
1564,Brian O’Connor,brian-oconnor,1
1565,Richard Turner,richard-turner,1
2818,Takuya Jinda,takuya-jinda,2
2829,John Johanas,john-johanas,1
2822,Toshihiko Tsuji,toshihiko-tsuji,1
2823,Taichi Machino,taichi-machino,1
2825,Trent Haaga,trent-haaga,1
2826,Syoji Ishimine,syoji-ishimine,1
2827,Masatoshi Yanagi,masatoshi-yanagi,1
884,David Abzug,david-abzug,2
2848,Mark Lyons,mark-lyons,3
2849,Zak Garriss,zak-garriss,1
2850,Daughter,daughter,1
2852,David Lawrence Hein,david-lawrence-hein,1
2853,Zoe Brown,zoe-brown,1
2854,Webb Pickersgill,webb-pickersgill,1
2846,Andrew Weatherl,andrew-weatherl,1
2855,Chris Floyd,chris-floyd,1
2847,Danielle Cheah,danielle-cheah,1
3273,Marcus Smith,marcus-smith,6
3266,Boris Salchow,boris-salchow,4
3270,Drew Murray,drew-murray,2
3269,Cameron Christian,cameron-christian,2
3267,Doug Sheahen,doug-sheahen,1
2498,Mike Diskett,mike-diskett,2
2495,Brent Waller,brent-waller,1
2496,Dean Ferguson,dean-ferguson,1
2497,Mitchell Clifford,mitchell-clifford,1
2499,Chris Conte,chris-conte,1
2002,Lulu LaMer,lulu-lamer,2
2000,Tom Fong,tom-fong,2
1998,Andrew Wood,andrew-wood,1
2001,Matt Ragghianti,matt-ragghianti,1
1999,Ergin Dervisoglu,ergin-dervisoglu,1
2088,Clint Bajakian,clint-bajakian,22
3993,John Williams,john-williams,19
27060,Rich Whitehouse,rich-whitehouse,8
4111,Justin Lambros,justin-lambros,8
4365,Heather Logas,heather-logas,6
2053,Brett Tosti,brett-tosti,6
12579,Andrew Trowers,andrew-trowers,2
1218,Karla Zimonja,karla-zimonja,2
1216,Steve Gaynor,steve-gaynor,1
1217,Kate Craig,kate-craig,1
1219,Emily Carroll,emily-carroll,1
1220,Johnnemann Nordhagen,johnnemann-nordhagen,1
1248,Eric Brosius,eric-brosius,14
3826,Robert Fermier,rob-fermier,14
1246,Josh Randall,josh-randall,4
1244,Jonathan Chey,jonathan-chey,4
1245,Gareth Hinds,gareth-hinds,2
4708,Hironobu Sakaguchi,hironobu-sakaguchi,50
13353,Ken Narita,ken-narita,11
20518,David P. Kubalak,david-p-kubalak,17
20520,Gene Kohler,gene-kohler,15
1396,Andrew McIntosh,andrew-mcintosh,4
1397,Mike McCain,mike-mccain,3
1404,Rebecca Mayfield,rebecca-mayfield,3
1400,Trevor King-Yost,trevor-king-yost,3
1399,Kevin Maloney,kevin-maloney,2
1406,Aljernon Bolden,aljernon-bolden,1
1398,Simon Cameron,simon-cameron,1
1401,Jenn Tran,jenn-tran,1
1402,Fiona Turner,fiona-turner,1
1403,Maury Weiss,maury-weiss,1
1405,Sheridan Thirsk,sheridan-thirsk,1
1338,Marek Španěl,marek-spanel,4
1340,Ondřej Matějka,ondrej-matejka,4
2355,Takashi Iizuka,takashi-iizuka,32
2345,Ken Pontac,ken-pontac,12
2349,Warren Graff,warren-graff,10
2344,Sachiko Kawamura,sachiko-kawamura,10
2354,Tetsu Katano,tetsu-katano,8
2353,Hiroshi Miyamoto,hiroshi-miyamoto,7
3146,Edu Castillo,edu-castillo,2
3147,Mike Geelan,mike-geelan,2
3148,Leticia Mercado,leticia-mercado,2
3149,Robert Shaer,robert-shaer,2
3150,Felipe Falanghe,felipe-falanghe,2
3151,Nestor Gomez,nestor-gomez,2
