tag_id,name,slug,language,games_count
31,Singleplayer,singleplayer,eng,251043
40847,Steam Achievements,steam-achievements,eng,51829
7,Multiplayer,multiplayer,eng,42595
40836,Full controller support,full-controller-support,eng,24189
13,Atmospheric,atmospheric,eng,39763
42,Great Soundtrack,great-soundtrack,eng,3450
24,RPG,rpg,eng,26678
18,Co-op,co-op,eng,14419
36,Open World,open-world,eng,9281
411,cooperative,cooperative,eng,6602
8,First-Person,first-person,eng,37443
149,Third Person,third-person,eng,14733
4,Funny,funny,eng,28869
37,Sandbox,sandbox,eng,8523
123,Comedy,comedy,eng,14881
150,Third-Person Shooter,third-person-shooter,eng,4169
62,Moddable,moddable,eng,1139
144,Crime,crime,eng,3275
62349,vr mod,vr-mod,eng,17
118,Story Rich,story-rich,eng,27295
64,Fantasy,fantasy,eng,33004
97,Action RPG,action-rpg,eng,8703
41,Dark,dark,eng,18740
44,Nudity,nudity,eng,8850
336,controller support,controller-support,eng,293
145,Choices Matter,choices-matter,eng,8385
40,Dark Fantasy,dark-fantasy,eng,5693
192,Mature,mature,eng,4784
66,Medieval,medieval,eng,8093
82,Magic,magic,eng,11365
218,Multiple Endings,multiple-endings,eng,11584
40849,Steam Cloud,steam-cloud,eng,25798
7808,steam-trading-cards,steam-trading-cards,eng,7568
32,Sci-fi,sci-fi,eng,22083
30,FPS,fps,eng,15004
9,Online Co-Op,online-co-op,eng,7704
189,Female Protagonist,female-protagonist,eng,15568
75,Local Co-Op,local-co-op,eng,6084
11669,stats,stats,eng,6047
40852,Steam Workshop,steam-workshop,eng,1772
25,Space,space,eng,44248
40838,Includes level editor,includes-level-editor,eng,2220
40833,Captions available,captions-available,eng,1486
40834,Commentary available,commentary-available,eng,299
87,Science,science,eng,2012
80,Tactical,tactical,eng,6630
157,PvP,pvp,eng,12079
70,War,war,eng,10107
40837,In-App Purchases,in-app-purchases,eng,3427
77,Realistic,realistic,eng,9173
11,Team-Based,team-based,eng,2078
131,Fast-Paced,fast-paced,eng,10824
81,Military,military,eng,2529
170,Competitive,competitive,eng,1314
40856,Valve Anti-Cheat enabled,valve-anti-cheat-enabled,eng,105
73,e-sports,e-sports,eng,80
245,Trading,trading,eng,1494
6,Exploration,exploration,eng,29298
193,Classic,classic,eng,1839
15,Stealth,stealth,eng,7172
69,Action-Adventure,action-adventure,eng,21061
74,Retro,retro,eng,44679
110,Cinematic,cinematic,eng,3389
269,Quick-Time Events,quick-time-events,eng,935
126,Dinosaurs,dinosaurs,eng,1827
306,Lara Croft,lara-croft,eng,14
40845,Partial Controller Support,partial-controller-support,eng,14004
111,Short,short,eng,58222
114,Physics,physics,eng,21602
148,Dark Humor,dark-humor,eng,3778
40839,Includes Source SDK,includes-source-sdk,eng,66
16,Horror,horror,eng,49213
26,Gore,gore,eng,6682
1,Survival,survival,eng,10856
63,Zombies,zombies,eng,11217
17,Survival Horror,survival-horror,eng,9984
43,Post-apocalyptic,post-apocalyptic,eng,4949
5,Replay Value,replay-value,eng,2265
34,Violent,violent,eng,7863
89,Historical,historical,eng,3992
45878,Online PvP,online-pvp,eng,6431
478,3rd-Person Perspective,3rd-person-perspective,eng,87
270,Blood,blood,eng,2158
78,America,america,eng,976
578,Masterpiece,masterpiece,eng,302
577,Beautiful,beautiful,eng,1875
181,Hunting,hunting,eng,1094
152,Western,western,eng,1431
5452,3rd-person,3rd-person,eng,93
468,role-playing,role-playing,eng,1657
121,Character Customization,character-customization,eng,6656
205,Lore-Rich,lore-rich,eng,2227
215,Dragons,dragons,eng,2882
172,Aliens,aliens,eng,7540
119,Dystopian,dystopian,eng,2704
319,Silent Protagonist,silent-protagonist,eng,111
115,Controller,controller,eng,15059
305,Linear,linear,eng,9766
154,Steampunk,steampunk,eng,1348
208,Alternate History,alternate-history,eng,2210
317,Time Travel,time-travel,eng,1992
287,Political,political,eng,757
167,Futuristic,futuristic,eng,6931
120,Memes,memes,eng,2189
166,Stylized,stylized,eng,10270
98,Loot,loot,eng,2895
141,Point & Click,point-click,eng,15546
117,Mystery,mystery,eng,16498
91,Walking Simulator,walking-simulator,eng,8976
406,Story,story,eng,11569
232,Episodic,episodic,eng,522
295,Soundtrack,soundtrack,eng,3314
302,Time Manipulation,time-manipulation,eng,766
992,student,student,eng,1533
2682,strange,strange,eng,332
3197,photography,photography,eng,205
250,Underwater,underwater,eng,2297
68,Hack and Slash,hack-and-slash,eng,5359
37796,exclusive,exclusive,eng,4491
571,3D,3d,eng,93864
125,Crafting,crafting,eng,5538
1465,combat,combat,eng,16437
37797,true exclusive,true-exclusive,eng,3981
171,PvE,pve,eng,8013
572,Emotional,emotional,eng,4566
580,Souls-like,souls-like,eng,1874
108,Mythology,mythology,eng,2528
43374,Remote Play on TV,remote-play-on-tv,eng,658
79,Free to Play,free-to-play,eng,9897
397,Online multiplayer,online-multiplayer,eng,3804
413,online,online,eng,6552
158,MMORPG,mmorpg,eng,1646
2030,city,city,eng,9291
5816,console,console,eng,1390
744,friends,friends,eng,15191
3109,weapons,weapons,eng,2317
1484,skill,skill,eng,3535
3046,destroy,destroy,eng,4619
1743,collect,collect,eng,8081
2184,hunt,hunt,eng,2356
754,gun,gun,eng,3219
1527,rain,rain,eng,869
18426,enemy,enemy,eng,2589
691,quick,quick,eng,931
2863,darkness,darkness,eng,488
6580,defender,defender,eng,182
45,2D,2d,eng,207861
49,Difficult,difficult,eng,14317
122,Pixel Graphics,pixel-graphics,eng,99378
113,Side Scroller,side-scroller,eng,11856
46,Surreal,surreal,eng,6654
83,Puzzle-Platformer,puzzle-platformer,eng,9499
91686,Family Sharing,family-sharing,eng,29105
112,Minimalist,minimalist,eng,17433
289,Noir,noir,eng,1677
135,2D Fighter,2d-fighter,eng,1679
49959,2D Platformer,2d-platformer-3,eng,9447
49995,2D-платформер,2d-platformer-4,eng,9401
56825,2D-файтинг,2d-faiting,eng,1455
216,Heist,heist,eng,603
274,Gun Customization,gun-customization,eng,842
40832,Cross-Platform Multiplayer,cross-platform-multiplayer,eng,3167
197,Robots,robots,eng,8880
164,Cartoony,cartoony,eng,8669
179,Cartoon,cartoon,eng,7728
265,Class-Based,class-based,eng,931
271,Remake,remake,eng,1739
187,Demons,demons,eng,3489
50,Sexual Content,sexual-content,eng,8764
226,Cyberpunk,cyberpunk,eng,5232
227,Hacking,hacking,eng,1172
467,Role Playing Game,role-playing-game,eng,20
1500,immersive,immersive,eng,1126
683,Photorealistic,photorealistic,eng,454
107,Family Friendly,family-friendly,eng,10720
39,Building,building,eng,7543
337,overlay,overlay,eng,217
62348,first person mod,first-person-mod,eng,14
153,Satire,satire,eng,1590
321,Bowling,bowling,eng,229
168,RTS,rts,eng,2978
65,Tower Defense,tower-defense,eng,8030
169,MOBA,moba,eng,712
40909,SteamVR Collectibles,steamvr-collectibles,eng,44
188,Parkour,parkour,eng,4110
186,Ninja,ninja,eng,2516
38844,looter shooter,looter-shooter,eng,797
198,Split Screen,split-screen,eng,8082
72,Local Multiplayer,local-multiplayer,eng,14041
182,4 Player Local,4-player-local,eng,1631
87822,4 giocatori divano,4-giocatori-divano,eng,32
191,Football,football,eng,2042
190,Soccer,soccer,eng,1834
87821,lan party,lan-party-2,eng,3
209,Drama,drama,eng,5994
324,Experience,experience,eng,310
43574,open-world,open-world-2,eng,9
6498,atmosphere,atmosphere,eng,27
133,3D Vision,3d-vision,eng,1156
283,Based On A Novel,based-on-a-novel,eng,57
296,Benchmark,benchmark,eng,32
40850,Steam Leaderboards,steam-leaderboards,eng,8478
203,Beat 'em up,beat-em-up,eng,3570
142,Detective,detective,eng,4085
268,Comic Book,comic-book,eng,2141
234,Superhero,superhero,eng,1456
328,Batman,batman,eng,55
128,Horses,horses,eng,288
130,Driving,driving,eng,5641
43578,Remote Play on Tablet,remote-play-on-tablet,eng,257
43577,Remote Play on Phone,remote-play-on-phone,eng,250
18188,controversial,controversial,eng,51
74338,karaihb,karaihb,eng,1
146,Nonlinear,nonlinear,eng,2485
35162,Battle Royale,battle-royale-2,eng,912
49953,Hero Shooter,hero-shooter-2,eng,922
12983,lootboxes,lootboxes,eng,5
88,Cute,cute,eng,39831
259,Metroidvania,metroidvania,eng,4723
258,Hand-drawn,hand-drawn,eng,9284
204,Gothic,gothic,eng,1182
278,Assassin,assassin,eng,962
5842,steam,steam,eng,820
7517,category,category,eng,5
44631,microtranzations,microtranzations,eng,1
178,Illuminati,illuminati,eng,378
90,Visual Novel,visual-novel,eng,10014
222,Choose Your Own Adventure,choose-your-own-adventure,eng,5138
334,achievements,achievements,eng,4928
116,2.5D,25d,eng,2955
281,Philisophical,philisophical,eng,39
243,1990's,1990s,eng,4038
138,Relaxing,relaxing,eng,21558
160,Dating Sim,dating-sim,eng,6830
46112,Shared/Split Screen Co-op,sharedsplit-screen-co-op,eng,2623
338,cloud saves,cloud-saves,eng,37
155,Fishing,fishing,eng,2196
159,Agriculture,agriculture,eng,869
409,co-op multiplayer,co-op-multiplayer,eng,8
165,Colorful,colorful,eng,28983
280,Time Attack,time-attack,eng,1818
19728,european,european,eng,12
61,Top-Down,top-down,eng,28660
136,Music,music,eng,26298
224,1980s,1980s,eng,3436
236,Top-Down Shooter,top-down-shooter,eng,3212
286,Psychedelic,psychedelic,eng,2850
291,Conspiracy,conspiracy,eng,1054
301,Transhumanism,transhumanism,eng,239
1656,mmo,mmo,eng,2297
48,Dungeon Crawler,dungeon-crawler,eng,7999
272,Inventory Management,inventory-management,eng,1784
200,Narration,narration,eng,3047
279,Supernatural,supernatural,eng,3192
183,Thriller,thriller,eng,3748
36002,psycholoical-horror,psycholoical-horror,eng,5
7629,enviroment,enviroment,eng,16
43369,new york,new-york-2,eng,2
105,World War II,world-war-ii,eng,1079
309,Dynamic Narration,dynamic-narration,eng,674
2071,futurism,futurism,eng,4
244,Mod,mod,eng,1419
95,Animation & Modeling,animation-modeling,eng,348
47,Lovecraftian,lovecraftian,eng,964
285,Psychological,psychological,eng,2812
42473,Immersive Sim,immersive-sim-2,eng,5066
639,Roguelike,roguelike,eng,15198
180,Base Building,base-building,eng,2987
194,Real-Time with Pause,real-time-with-pause,eng,247
210,Real-Time,real-time,eng,1243
55,Tanks,tanks,eng,2947
255,Pirates,pirates,eng,2343
256,Naval,naval,eng,423
102,Turn-Based,turn-based,eng,5611
101,Turn-Based Strategy,turn-based-strategy,eng,6649
195,Economy,economy,eng,3312
100,Grand Strategy,grand-strategy,eng,995
60,Touch-Friendly,touch-friendly,eng,1695
86,Education,education,eng,3782
212,4X,4x,eng,682
103,Hex Grid,hex-grid,eng,561
211,Diplomacy,diplomacy,eng,351
54,Score Attack,score-attack,eng,5499
84,Abstract,abstract,eng,7511
788,realism,realism,eng,20
2468,paranormal,paranormal,eng,50
326,Investigation,investigation,eng,3412
266,Level Editor,level-editor,eng,2111
49963,Precision Platformer,precision-platformer-2,eng,2842
185,Swordplay,swordplay,eng,989
318,Star Wars,star-wars,eng,41
84157,ea play,ea-play,eng,3
3459,cinema,cinema,eng,35
21400,lightsaber,lightsaber,eng,12
503,Singe-player,singe-player,eng,6
217,Romance,romance,eng,9874
51,Destruction,destruction,eng,3977
1897,fire,fire,eng,6131
3397,light,light,eng,1751
14,Early Access,early-access,eng,19533
99,Isometric,isometric,eng,5314
640,Roguelite,roguelite,eng,8706
124,Perma Death,perma-death,eng,2783
3383,dungeons,dungeons,eng,43
251,Cold War,cold-war,eng,313
134,Anime,anime,eng,17086
233,JRPG,jrpg,eng,5276
57,Bullet Hell,bullet-hell,eng,10662
304,Character Action Game,character-action-game,eng,642
254,Spectacle fighter,spectacle-fighter,eng,842
4441,cube,cube,eng,2213
14973,modding,modding,eng,6
1372,procedural-generation,procedural-generation-2,eng,41
624,Monsters,monsters,eng,9655
30084,movie-based,movie-based,eng,8
33,VR,vr,eng,12974
201,Twin Stick Shooter,twin-stick-shooter,eng,2982
583,Narrative,narrative,eng,9138
40937,Steam Trading Cards,steam-trading-cards-2,eng,843
184,Mechs,mechs,eng,1430
7413,grappling-hook,grappling-hook,eng,78
67,Management,management,eng,9427
147,Resource Management,resource-management,eng,3974
213,City Builder,city-builder,eng,3175
151,Modern,modern,eng,2296
1468,calm,calm,eng,678
1470,peaceful,peaceful,eng,202
29,Games Workshop,games-workshop,eng,91
176,Turn-Based Tactics,turn-based-tactics,eng,4460
31352,microtransactions,microtransactions,eng,3
175,Turn-Based Combat,turn-based-combat,eng,6361
238,CRPG,crpg,eng,1554
91617,gameplay feature: multiple endings,gameplay-feature-multiple-endings,eng,2
91634,gameplay feature: drug addiction,gameplay-feature-drug-addiction,eng,1
91635,gameplay feature: gambling,gameplay-feature-gambling,eng,1
91636,gameplay feature: karma meter,gameplay-feature-karma-meter,eng,1
91637,gameplay feature: radiation / radioactive poisoning,gameplay-feature-radiation-radioactive-poisoning,eng,1
91638,gameplay feature: targeting system,gameplay-feature-targeting-system,eng,1
91639,wasteland universe,wasteland-universe,eng,1
91640,weapon: minigun,weapon-minigun,eng,1
91629,fallout games,fallout-games,eng,1
91630,game feature: hexagonal map,game-feature-hexagonal-map,eng,1
91631,gameplay feature: auto-mapping,gameplay-feature-auto-mapping,eng,1
91632,gameplay feature: character development - skill distribution,gameplay-feature-character-development-skill-distr,eng,1
91633,gameplay feature: day / night cycle,gameplay-feature-day-night-cycle,eng,1
49955,Puzzle Platformer,puzzle-platformer-2,eng,4481
298,Grid-Based Movement,grid-based-movement,eng,1593
3319,solitaire,solitaire,eng,2619
325,Foreign,foreign,eng,411
576,Faith,faith,eng,608
320,Sokoban,sokoban,eng,1528
751,Real time strategy,real-time-strategy,eng,2085
288,Interactive Fiction,interactive-fiction,eng,5032
40844,Oyun Kumandası Desteği,oyun-kumandas-destegi,eng,1
40848,Steam Başarımları,steam-basarmlar,eng,1
40853,Tek Oyunculu,tek-oyunculu,eng,1
623,meat,meat,eng,82
7447,russia,russia,eng,82
229,3D Platformer,3d-platformer,eng,12235
284,Cult Classic,cult-classic,eng,985
308,Bullet Time,bullet-time,eng,879
43576,interactive movie,interactive-movie-2,eng,6
91217,interactive game,interactive-game-2,eng,2
273,Parody,parody,eng,2739
196,Procedural Generation,procedural-generation,eng,8981
581,Epic,epic,eng,4138
774,nature,nature,eng,7373
4565,offline,offline,eng,1073
1529,fight,fight,eng,7930
241,Space Sim,space-sim,eng,2121
2232,journey,journey,eng,2131
1505,ship,ship,eng,2799
2405,planets,planets,eng,1504
6903,galaxy,galaxy,eng,1207
2062,sun,sun,eng,507
5637,sky,sky,eng,1848
1309,hero,hero,eng,4866
835,Swords,swords,eng,1462
1221,history,history,eng,2396
56,Shoot 'Em Up,shoot-em-up,eng,12430
53,Flight,flight,eng,4756
129,TrackIR,trackir,eng,40
31591,tir,tir,eng,12
569,Minigames,minigames,eng,5754
834,party-game,party-game,eng,1912
1774,spaceship,spaceship,eng,1416
981,battle,battle,eng,10709
2889,balance,balance,eng,1704
460,Endless,endless,eng,14741
1125,arena,arena,eng,2081
5033,tv,tv,eng,550
3621,map,map,eng,1333
8409,hd,hd,eng,231
307,Gaming,gaming,eng,393
219,Politics,politics,eng,751
894,Classes,classes,eng,1032
314,World War I,world-war-i,eng,314
5488,tank,tank,eng,1352
7452,ww1,ww1,eng,25
808,character,character,eng,8889
820,secrets,secrets,eng,3445
163,Co-op Campaign,co-op-campaign,eng,547
96,Kickstarter,kickstarter,eng,602
59,Crowdfunded,crowdfunded,eng,69
40908,Einzelspieler,einzelspieler,eng,12
40906,Steam-Errungenschaften,steam-errungenschaften,eng,7
40907,Volle Controllerunterstützung,volle-controllerunterstutzung,eng,7
3117,shoot,shoot,eng,9956
91537,HDR available,hdr-available,eng,198
3388,waves,waves,eng,1820
1427,nightmare,nightmare,eng,551
3992,clone,clone,eng,1008
247,Real Time Tactics,real-time-tactics,eng,2377
42410,LGBTQ+,lgbtq-2,eng,2774
1709,work,work,eng,9310
7244,historical-fiction,historical-fiction,eng,7
340,in development,in-development,eng,23
52,Arena Shooter,arena-shooter,eng,2427
796,plague,plague,eng,85
2326,explore,explore,eng,3367
177,Voxel,voxel,eng,2639
2191,alien,alien,eng,1222
1807,water,water,eng,3871
1068,sea,sea,eng,2420
1778,food,food,eng,4929
2296,crash,crash,eng,635
4934,health,health,eng,1565
997,island,island,eng,2661
2906,police,police,eng,1843
1315,room,room,eng,4219
49992,first person shooter,first-person-shooter-3,eng,8
37996,tank controls,tank-controls,eng,7
40641,survival-horror-game,survival-horror-game,eng,2
206,Party-Based RPG,party-based-rpg,eng,1591
425,Single player only,single-player-only,eng,35
132,Offroad,offroad,eng,1057
878,sword,sword,eng,1430
1867,puzzles,puzzles,eng,8884
2129,interactive,interactive,eng,476
1190,hell,hell,eng,1682
7152,factory,factory,eng,1020
677,evolution,evolution,eng,854
1887,moon,moon,eng,1332
650,prison,prison,eng,818
627,Skeletons,skeletons,eng,1003
240,Martial Arts,martial-arts,eng,727
764,slasher,slasher,eng,296
45201,Remote Play Together,remote-play-together,eng,4050
64326,Постапокалипсис,postapokalipsis,eng,2574
2491,motorbike,motorbike,eng,248
49954,Open World Survival Craft,open-world-survival-craft,eng,433
1753,guns,guns,eng,2480
1411,build,build,eng,5048
49960,Life Sim,life-sim-2,eng,3175
10766,reality-based,reality-based,eng,43
975,life,life,eng,125
28932,family-simulator,family-simulator,eng,3
1567,bullet-time,bullet-time-2,eng,38
21738,time-manipulation,time-manipulation-2,eng,16
173,Utilities,utilities,eng,535
156,Software,software,eng,474
1333,android,android,eng,3363
223,Photo Editing,photo-editing,eng,99
2311,pc,pc,eng,671
3605,tool,tool,eng,415
9621,animated,animated,eng,48
2265,desktop,desktop,eng,274
7425,program,program,eng,26
2064,aesthetic,aesthetic,eng,124
1926,customizable,customizable,eng,23
6529,wallpaper,wallpaper,eng,11
43188,background,background,eng,30
11702,cover-shooter,cover-shooter,eng,2
199,Sniper,sniper,eng,1699
37995,fixed camera,fixed-camera-2,eng,7
1407,race,race,eng,6800
51020,street racing,street-racing-2,eng,11
48354,w10 exclusive,w10-exclusive,eng,9
980,winter,winter,eng,1601
1324,autumn,autumn,eng,189
2161,extreme,extreme,eng,45
263,Mars,mars,eng,1033
500,Solo,solo,eng,1650
46115,LAN Co-op,lan-co-op,eng,849
499,Team,team,eng,24
2723,trees,trees,eng,631
6755,wasteland,wasteland,eng,20
275,Movie,movie,eng,1071
657,Dreams,dreams,eng,2510
1055,celeste,celeste,eng,38
994,xna,xna,eng,30
1058,miniboss,miniboss,eng,3
1056,fna,fna,eng,4
1059,towerfall,towerfall,eng,5
1057,matt-makes-games,matt-makes-games,eng,2
29504,great-graphics,great-graphics,eng,4
9706,character-development,character-development,eng,3
143,RPGMaker,rpgmaker,eng,1506
662,RPG Maker,rpg-maker,eng,8785
974,death,death,eng,3811
782,humor,humor,eng,729
27,Warhammer 40K,warhammer-40k,eng,85
1752,japanese,japanese,eng,408
822,escape,escape,eng,7650
3786,sacrifice,sacrifice,eng,336
4458,mafia,mafia,eng,192
21388,1930s,1930s,eng,11
43575,30s,30s,eng,2
297,LEGO,lego,eng,292
342,Conversation,conversation,eng,3052
49970,Vehicular Combat,vehicular-combat-2,eng,869
57691,soft-body physics,soft-body-physics,eng,3
92376,Aventure,aventure,eng,124
1652,night,night,eng,4498
214,God Game,god-game,eng,736
262,Capitalism,capitalism,eng,1287
66667,cs,cs,eng,5
31154,counter-strke,counter-strke,eng,3
71007,condition zero,condition-zero,eng,1
626,cats,cats,eng,6903
58268,Котики,kotiki,eng,1741
292,Rome,rome,eng,249
228,Programming,programming,eng,1674
225,Typing,typing,eng,1738
59643,Протагонистка,protagonistka,eng,8039
892,love,love,eng,6385
316,Mining,mining,eng,1257
3626,treasure,treasure,eng,1882
688,relationship,relationship,eng,1027
2774,learn,learn,eng,1326
4451,obstacles,obstacles,eng,2220
2353,delivery,delivery,eng,278
257,Sailing,sailing,eng,543
127,Card Game,card-game,eng,3686
231,Strategy RPG,strategy-rpg,eng,3377
235,Trading Card Game,trading-card-game,eng,646
3068,future,future,eng,3146
1328,office,office,eng,1075
1454,quest,quest,eng,762
738,Boss battle,boss-battle,eng,3344
609,Norse,norse,eng,112
91614,playstation platinum range releases,playstation-platinum-range-releases,eng,2
7852,1990s,1990s-2,eng,27
91618,games made into books,games-made-into-books,eng,1
91619,games made into comics,games-made-into-comics,eng,1
91620,games made into movies,games-made-into-movies,eng,1
91621,hudless games,hudless-games,eng,1
91622,live action cut-scenes,live-action-cut-scenes,eng,1
91623,setting: 1990s,setting-1990s,eng,1
91624,setting: future now past,setting-future-now-past,eng,1
91625,theme: law enforcement,theme-law-enforcement,eng,1
91626,theme: zombies,theme-zombies,eng,1
91627,video games turned into board / card games,video-games-turned-into-board-card-games,eng,1
91628,white label releases,white-label-releases,eng,1
91615,biohazard / resident evil series,biohazard-resident-evil-series,eng,1
91616,boss fight books games,boss-fight-books-games,eng,1
574,Dungeons & Dragons,dungeons-dragons,eng,203
3748,terror,terror,eng,731
2406,dance,dance,eng,1161
1911,bus,bus,eng,112
1396,apocalypse,apocalypse,eng,720
625,party,party,eng,4257
162,Board Game,board-game,eng,4614
252,Mouse only,mouse-only,eng,5146
92375,Jeu de rôle,jeu-de-role-2,eng,35
582,Dog,dog,eng,2263
92228,Stereo Sound,stereo-sound,eng,1879
92237,Surround Sound,surround-sound-2,eng,465
300,Vampire,vampire,eng,1798
49964,Action Roguelike,action-roguelike-2,eng,4611
620,Spooky,spooky,eng,4410
832,Halloween,halloween,eng,3349
341,leaderboards,leaderboards,eng,307
3103,evil,evil,eng,1317
925,Coming Of Age,coming-of-age,eng,310
10215,raid,raid,eng,14
14194,deckbuilding,deckbuilding,eng,1945
1079,environment,environment,eng,7130
3116,fast,fast,eng,2165
6801,relaxation,relaxation,eng,23
749,army,army,eng,635
3574,laser,laser,eng,1274
7316,ww2,ww2,eng,79
8182,planetary,planetary,eng,11
5468,qte,qte,eng,905
1234,ambient,ambient,eng,575
513,coop,coop,eng,459
608,Forest,forest,eng,1953
610,viking,viking,eng,163
140,Hidden Object,hidden-object,eng,5744
8234,fall,fall,eng,3546
277,Villain Protagonist,villain-protagonist,eng,160
253,Chess,chess,eng,1953
1632,cars,cars,eng,5835
1497,car,car,eng,7473
20047,lifestyle,lifestyle,eng,168
8847,warfare,warfare,eng,26
47026,nato,nato,eng,2
73236,nato-forces,nato-forces,eng,1
73237,special-ops,special-ops,eng,1
40858,Other,other,eng,345
2156,drift,drift,eng,1406
8803,racing-game,racing-game,eng,42
9336,mexico,mexico,eng,82
5270,festival,festival,eng,27
12669,sprint,sprint,eng,8
27142,photorealism,photorealism,eng,2
5777,pack,pack,eng,2724
2689,rocket,rocket,eng,1697
2838,jet,jet,eng,362
5357,comics,comics,eng,436
5144,cerebral,cerebral,eng,6
327,Voice Control,voice-control,eng,32
6465,unique,unique,eng,2652
704,Traps,traps,eng,2201
3612,match,match,eng,6510
1551,ancient,ancient,eng,1362
726,japan,japan,eng,1014
1846,samurai,samurai,eng,573
7528,campaign,campaign,eng,34
55766, first-person shooter,first-person-shooter-4,eng,3
6046,vikings,vikings,eng,188
46114,Shared/Split Screen PvP,sharedsplit-screen-pvp,eng,2931
6043,communication,communication,eng,189
656,suspense,suspense,eng,1240
2180,spider,spider,eng,979
3728,memory,memory,eng,3240
1303,Shadows,shadows,eng,804
3597,tablet,tablet,eng,1725
2489,dodge,dodge,eng,2981
2743,dash,dash,eng,2283
753,god,god,eng,1113
2865,girl,girl,eng,2079
1715,fox,fox,eng,625
806,Automation,automation,eng,1521
246,Clicker,clicker,eng,9888
230,Tactical RPG,tactical-rpg,eng,2447
332,Intentionally Awkward Controls,intentionally-awkward-controls,eng,80
4388,snowboarding,snowboarding,eng,80
207,Rhythm,rhythm,eng,2614
66537,Арена-шутер,arena-shuter,eng,1912
55321,Outbreak Sim,outbreak-sim-2,eng,247
18701,retro-futurism,retro-futurism,eng,6
310,Runner,runner,eng,10597
5222,avoid,avoid,eng,4690
4312,colors,colors,eng,3626
14813,ancient-greece,ancient-greece,eng,20
1377,hack-n-slash,hack-n-slash,eng,8
63274,coop-game,coop-game,eng,3
73279,visceral,visceral,eng,1
7936,dramatic,dramatic,eng,18
104,Wargame,wargame,eng,1957
2896,collectathon,collectathon,eng,2672
604,simple,simple,eng,9295
1325,kids,kids,eng,5194
17921,ship-customization,ship-customization,eng,2
2631,cat,cat,eng,2389
684,children,children,eng,3404
781,flower,flower,eng,482
15772,small-size,small-size,eng,15
45791,wolly,wolly,eng,1
712,school,school,eng,4588
2006,castle,castle,eng,1526
5506,wizards,wizards,eng,1052
930,witch,witch,eng,1064
71763,Giocatore singolo,giocatore-singolo-2,eng,3
6752,potions,potions,eng,163
88361,Дети,deti,eng,201
71768,Achievement di Steam,achievement-di-steam,eng,2
71769,Supporto completo per i controller,supporto-completo-per-i-controller,eng,2
16105,character-creation,character-creation,eng,10
88999,Acquisti dall'applicazione,acquisti-dallapplicazione,eng,1
38557,character-generator,character-generator,eng,4
3803,boss,boss,eng,3125
37795,exclusives,exclusives,eng,3
139,Trains,trains,eng,1256
1530,animation,animation,eng,3308
1689,vector,vector,eng,1248
958,sprites,sprites,eng,3109
5191,black,black,eng,49
11181,spriter,spriter,eng,2
161,Golf,golf,eng,1822
23,Mini Golf,mini-golf,eng,134
2590,fun,fun,eng,29226
1105,planet,planet,eng,3026
920,murder,murder,eng,755
4927,fly,fly,eng,2954
982,run,run,eng,3981
260,GameMaker,gamemaker,eng,7978
65224,Conquistas Steam,conquistas-steam,eng,13
65222,Um jogador,um-jogador,eng,16
59654,multijogador,multijogador,eng,8
49060,cooperativo,cooperativo,eng,10
65473,Compras em aplicativo,compras-em-aplicativo,eng,3
65470,JxJ,jxj,eng,3
65223,Cooperativo online,cooperativo-online,eng,2
65471,JxJ online,jxj-online,eng,2
76393,Compatibilidade parcial com controle,compatibilidade-parcial-com-controle,eng,1
220,Experimental,experimental,eng,9727
290,FMV,fmv,eng,895
412,deathmatch,deathmatch,eng,752
2100,violence,violence,eng,157
72047,automap,automap,eng,5
786,hentai,hentai,eng,3975
65028,sharply-dressed-demon-girls,sharply-dressed-demon-girls,eng,1
237,Dark Comedy,dark-comedy,eng,1160
2168,racer,racer,eng,1345
1382,duel,duel,eng,578
4336,invaders,invaders,eng,953
221,Music-Based Procedural Generation,music-based-procedural-generation,eng,301
418,2 players,2-players,eng,1244
1539,toy,toy,eng,969
3768,demon,demon,eng,813
3758,speed,speed,eng,8091
663,Ghosts,ghosts,eng,3246
2518,shotgun,shotgun,eng,84
2503,intense,intense,eng,86
9299,invisibility,invisibility,eng,4
13842,rocket-launcher,rocket-launcher,eng,7
72502,grenade-launcher,grenade-launcher,eng,2
27386,ogres,ogres,eng,3
72503,nailgun,nailgun,eng,2
32390,arena-battle,arena-battle,eng,4
3566,armor,armor,eng,14
7266,lan-party,lan-party,eng,3
34268,lan-game,lan-game,eng,2
72505,invincibility,invincibility,eng,1
3631,folk,folk,eng,15
49998,Лутер-шутер,luter-shuter,eng,790
769,virus,virus,eng,1227
40855,Un jugador,un-jugador,eng,24
40841,Logros de Steam,logros-de-steam,eng,21
570,Old School,old-school,eng,5139
299,Match 3,match-3,eng,1332
575,Logic,logic,eng,6327
4880,tabletop,tabletop,eng,2948
2483,nostalgia,nostalgia,eng,309
49950,Card Battler,card-battler,eng,1772
40938,VR Support,vr-support-2,eng,19
885,vive,vive,eng,376
9449,interactive-movie,interactive-movie,eng,6
28220,japanese-style,japanese-style,eng,6
1863,challenge,challenge,eng,12776
4881,bugs,bugs,eng,3842
714,1-bit,1-bit,eng,1907
1503,mac-plus,mac-plus,eng,2
1502,dinn,dinn,eng,1
1504,obra,obra,eng,1
42713,Asymmetric VR,asymmetric-vr,eng,156
1593,Gravity,gravity,eng,3297
2821,tactics,tactics,eng,361
1252,portal,portal,eng,525
5961,portals,portals,eng,223
5332,leaderboard,leaderboard,eng,471
4429,bat,bat,eng,230
1746,dialogue,dialogue,eng,1086
2876,square,square,eng,1395
49967,Colony Sim,colony-sim-2,eng,806
573,Unforgiving,unforgiving,eng,161
9672,mutants,mutants,eng,16
10821,monster-trucks,monster-trucks,eng,6
33505,factions,factions,eng,4
17792,gangs,gangs,eng,6
9039,powers,powers,eng,13
54912,sadistic,sadistic,eng,2
73226,gyrocopters,gyrocopters,eng,1
73227,madmen,madmen,eng,1
55900,Well-Written,well-written,eng,45
9583,multiple-choice,multiple-choice,eng,18
1129,art,art,eng,9880
1787,mobile,mobile,eng,4592
2022,wave,wave,eng,585
36949,tomorrow-corporation,tomorrow-corporation,eng,3
9986,summer,summer,eng,598
3076,rush,rush,eng,388
1716,rabbit,rabbit,eng,613
4909,village,village,eng,432
8846,hot-seat,hot-seat-2,eng,24
91610,playstation the best series,playstation-the-best-series,eng,3
91604,console generation exclusives: playstation,console-generation-exclusives-playstation,eng,3
91609,playstation greatest hits releases,playstation-greatest-hits-releases,eng,2
91611,crash bandicoot series,crash-bandicoot-series,eng,1
91612,gameplay feature: game completion percentage,gameplay-feature-game-completion-percentage,eng,1
91613,games that include a playable demo of another game,games-that-include-a-playable-demo-of-another-game,eng,1
1461,battle-royale,battle-royale,eng,214
6350,hilarious,hilarious,eng,23
49951,Automobile Sim,automobile-sim,eng,1128
202,Artificial Intelligence,artificial-intelligence,eng,1908
137,On-Rails Shooter,on-rails-shooter,eng,857
7424,isomentric,isomentric,eng,3
815,sega,sega,eng,138
294,Gambling,gambling,eng,643
4851,box,box,eng,2201
3720,numbers,numbers,eng,2397
7339,santa,santa,eng,976
4144,craft,craft,eng,36
993,Archery,archery,eng,952
3680,defense,defense,eng,2480
7082,fighter,fighter,eng,1484
6706,connect,connect,eng,478
1986,ice,ice,eng,2178
591,Unreal Engine,unreal-engine,eng,8003
1726,disney,disney,eng,43
94,Design & Illustration,design-illustration,eng,788
92,Game Development,game-development,eng,412
261,Software Training,software-training,eng,73
19085,chainsaw,chainsaw,eng,14
6524,cover,cover,eng,14
653,Dogs,dogs,eng,2232
315,Werewolves,werewolves,eng,255
2595,click,click,eng,11248
1796,dungeon,dungeon,eng,2533
740,demo,demo,eng,4407
1618,jungle,jungle,eng,1389
777,meme,meme,eng,1251
4270,transportation,transportation,eng,482
73349,puzzle-elements,puzzle-elements,eng,5
72908,dark-sci-fi,dark-sci-fi,eng,2
47525,1st-person-perspective,1st-person-perspective,eng,3
73361,dark sci-fi,dark-sci-fi-2,eng,1
1086,plants,plants,eng,1131
1015,survive,survive,eng,1264
5190,artsy,artsy,eng,26
2384,rock,rock,eng,1648
999,shark,shark,eng,557
303,Text-Based,text-based,eng,3625
7337,c,c,eng,3083
1069,ball,ball,eng,6295
5559,elements,elements,eng,1759
2201,grow,grow,eng,712
2259,artistic,artistic,eng,41
597,artgame,artgame,eng,5565
4948,figment,figment,eng,2
1542,7dfps,7dfps,eng,350
38477,platformers,platformers,eng,16
631,Low-poly,low-poly,eng,12082
1027,octopus,octopus,eng,103
1022,dad,dad,eng,33
1025,fumblecore,fumblecore,eng,6
1026,octodad,octodad,eng,3
24215,street-race,street-race,eng,2
239,6DOF,6dof,eng,942
741,16-bit,16-bit,eng,5501
652,8-Bit,8-bit,eng,10741
92377,Stratégie,strategie-2,eng,27
40851,Steam Turn Notifications,steam-turn-notifications,eng,133
51127,sci-fi-shooter,sci-fi-shooter,eng,7
2123,romantic,romantic,eng,25
249,Asynchronous Multiplayer,asynchronous-multiplayer,eng,468
11689,greek-mythology,greek-mythology,eng,36
1387,comic,comic,eng,141
1806,tiny,tiny,eng,200
1541,radio,radio,eng,63
3571,hook,hook,eng,106
3572,illustrative,illustrative,eng,6
3575,pants,pants,eng,10
3570,big,big,eng,43
3576,underpants,underpants,eng,2
3573,jump-and-change,jump-and-change,eng,1
14037,board-games,board-games,eng,63
1316,room-escape,room-escape,eng,33
282,Tutorial,tutorial,eng,2968
83730,Compat. total con control,compat-total-con-control,eng,8
322,Basketball,basketball,eng,1178
40933,Practical,practical,eng,13
1626,collection,collection,eng,3706
2528,brain,brain,eng,4213
22952,soviet-union,soviet-union,eng,10
1793,ussr,ussr,eng,25
26058,retrofuturism,retrofuturism,eng,6
106,Pinball,pinball,eng,992
1471,ai,ai,eng,2260
1598,mario,mario,eng,1201
6033,smash,smash,eng,1791
867,zelda,zelda,eng,453
1640,pokemon,pokemon,eng,528
1510,skateboarding,skateboarding,eng,158
4752,Skating,skating,eng,320
2197,submarine,submarine,eng,625
1206,flying,flying,eng,1380
87543,choices matter ,choices-matter-3,eng,1
6214,beta,beta,eng,1240
1642,melee,melee,eng,303
2609,vehicle,vehicle,eng,403
3815,sport,sport,eng,234
2792,fifa,fifa,eng,16
21186,real-world,real-world,eng,8
58128,Хентай,khentai,eng,3568
21364,side-view,side-view,eng,22
4810,worms,worms,eng,89
312,NSFW,nsfw,eng,5017
1081,adult,adult,eng,1700
1171,block,block,eng,3242
4787,disco,disco,eng,153
40854,Un joueur,un-joueur,eng,2
40874,Group Play,group-play,eng,2
267,Web Publishing,web-publishing,eng,55
313,Wrestling,wrestling,eng,287
4277,td,td,eng,68
43554,bloons,bloons,eng,15
62805,bloonstd,bloonstd,eng,2
72221,bloons-td,bloons-td,eng,3
76912,btd6,btd6,eng,3
80956,bloons-td-6,bloons-td-6,eng,1
668,creepy,creepy,eng,7583
46113,LAN PvP,lan-pvp,eng,885
7942,scratch,scratch,eng,2175
590,Non violent,non-violent,eng,2873
2361,microscopic,microscopic,eng,9
5318,free-2-play,free-2-play,eng,6
2114,psychological-horror,psychological-horror-2,eng,35
579,Addictive,addictive,eng,930
2480,spy,spy,eng,452
617,weird,weird,eng,5851
804,upgrades,upgrades,eng,1594
844,simulator,simulator,eng,7359
49968,Auto Battler,auto-battler,eng,1061
1943,boxing,boxing,eng,477
758,challenging,challenging,eng,1086
92081,combat flight,combat-flight,eng,17
933,flight-simulator,flight-simulator,eng,36
12451,flying-simulator,flying-simulator,eng,3
40899,Physics-based Platformer,physics-based-platformer,eng,1
92082,combat flight space,combat-flight-space,eng,6
40875,Kids/Family,kidsfamily,eng,9
40910,Succès Steam,succes-steam,eng,11
73243,Флот,flot,eng,237
90369,Compat. contrôleurs complète,compat-controleurs-complete,eng,8
78619,Ремейк,remeik,eng,90
49966,Combat Racing,combat-racing-2,eng,819
3942,rage,rage,eng,1293
49996,2D-файтер,2d-faiter,eng,58
343,Bikes,bikes,eng,184
2118,snow,snow,eng,1305
1788,metal,metal,eng,896
1455,brutal,brutal,eng,30
66536,Романтика,romantika,eng,4522
641,friendship,friendship,eng,350
40914,En spelare,en-spelare,eng,1
40913,Steam-samlarkort,steam-samlarkort,eng,1
40912,Steam-prestationer,steam-prestationer,eng,1
40915,Delvist stöd för kontroll,delvist-stod-for-kontroll,eng,1
8949,attack,attack,eng,2680
11068,technology,technology,eng,478
1444,punk,punk,eng,126
658,Cozy,cozy,eng,2524
311,Underground,underground,eng,860
5641,bundle,bundle,eng,515
3810,india,india,eng,26
1212,combos,combos,eng,1793
60874,Скейтбординг,skeitbording,eng,89
73364,time-traveling,time-traveling,eng,1
983,worm,worm,eng,181
1925,baby,baby,eng,1425
2373,text,text,eng,2079
42053,zach-like,zach-like,eng,21
4335,asteroid,asteroid,eng,252
1374,doom,doom,eng,824
38403,combo-coop,combo-coop,eng,1
2879,esports,esports,eng,893
6404,devil,devil,eng,175
65227,Nuvem Steam,nuvem-steam,eng,13
30358,atv,atv,eng,54
65226,Cartas Colecionáveis Steam,cartas-colecionaveis-steam,eng,4
4572,trucks,trucks,eng,16
4984,cargo,cargo,eng,18
65225,Compatibilidade total com controle,compatibilidade-total-com-controle,eng,2
1202,Neon,neon,eng,2054
20742,synergy,synergy,eng,5
13316,idler,idler,eng,2781
59332,Idle-игра,idle-igra,eng,2684
687,Feel Good,feel-good,eng,678
1030,Black and White,black-and-white,eng,2278
2739,hidden-object,hidden-object-2,eng,133
2445,people,people,eng,41
6443,hiding,hiding,eng,7
5259,typing-game,typing-game,eng,23
5258,core,core,eng,26
40922,Multijugador,multijugador,eng,10
40835,Cromos de Steam,cromos-de-steam,eng,4
40917,Multijugador multiplataforma,multijugador-multiplataforma,eng,3
40921,Pantalla partida/compartida,pantalla-partidacompartida,eng,2
40920,Incluye editor de niveles,incluye-editor-de-niveles,eng,2
40919,Estadísticas,estadisticas,eng,2
40918,Compat. total con controlador,compat-total-con-controlador,eng,1
1302,windows,windows,eng,3178
1075,Generator,generator,eng,1042
3330,mistery,mistery,eng,78
30181,horse-riding,horse-riding,eng,6
706,gamepad,gamepad,eng,2457
888,hardcore,hardcore,eng,938
1509,skate,skate,eng,82
93,Video Production,video-production,eng,138
26900,hoard,hoard,eng,9
1041,furry,furry,eng,1217
27409,nitro,nitro,eng,12
7041,karting,karting,eng,21
49961,3D Fighter,3d-fighter-2,eng,1354
56826,3D-файтинг,3d-faiting,eng,1308
1076,random,random,eng,2825
402,Training,training,eng,1823
731,NES,nes,eng,1337
12930,rhytm-based,rhytm-based,eng,3
87922,Compat. total com controle,compat-total-com-controle,eng,10
91715,Compartilhamento de biblioteca,compartilhamento-de-biblioteca,,1
1313,32-bit,32-bit,eng,135
1452,philosophical,philosophical,eng,1258
1097,ftl,ftl,eng,17
7134,foundation,foundation,eng,4
904,Gay,gay,eng,1069
1916,memories,memories,eng,125
893,queer,queer,eng,890
1918,read,read,eng,7
1919,san-francisco,san-francisco,eng,2
1917,only,only,eng,7
27533,arena-based,arena-based,eng,4
4319,ranked-matchmaking,ranked-matchmaking,eng,1
2533,skiing,skiing,eng,127
2477,electronics,electronics,eng,15
1176,sonic,sonic,eng,445
12150,sega-genesis,sega-genesis,eng,19
1441,earthbound,earthbound,eng,54
1736,bug,bug,eng,2316
66209,top-dow,top-dow,eng,2
344,Cycling,cycling,eng,132
1446,infinite,infinite,eng,793
10639,motocross,motocross,eng,114
2546,ships,ships,eng,1571
1378,bird,bird,eng,2014
592,Voice Acting,voice-acting,eng,844
2186,first-person-shooter,first-person-shooter,eng,72
607,Unity,unity,eng,70822
44086,Mental Health,mental-health-2,eng,803
4111,meditation,meditation,eng,260
55320,Creature Collector,creature-collector,eng,1585
92227,Custom Volume Controls,custom-volume-controls,eng,3374
92226,Save Anytime,save-anytime,eng,1862
71766,Co-op locale a schermo condiviso,co-op-locale-a-schermo-condiviso,eng,1
71767,Schermo condiviso,schermo-condiviso,eng,1
71764,Multigiocatore,multigiocatore,eng,1
71765,Partita cooperativa online,partita-cooperativa-online,eng,1
49952,Political Sim,political-sim,eng,484
3360,marvel,marvel,eng,42
9113,spider-man,spider-man,eng,49
666,cooking,cooking,eng,2005
8604,kid,kid,eng,1209
2629,mine,mine,eng,1233
1018,depression,depression,eng,376
941,Mountains,mountains,eng,1369
1605,horse,horse,eng,888
869,fear,fear,eng,694
1127,keyboard,keyboard,eng,2889
803,Top down shooter,top-down-shooter-2,eng,10815
584,Top Down Adventure,top-down-adventure,eng,2194
42203,gta-like,gta-like,eng,5
784,train,train,eng,3126
13145,ufc,ufc,eng,7
1654,monkey,monkey,eng,650
1583,cga,cga,eng,106
2286,tower,tower,eng,2500
1117,chaos,chaos,eng,754
2654,fruit,fruit,eng,1295
3170,jetpack,jetpack,eng,469
47909,first-person-horror,first-person-horror,eng,2
697,alchemy,alchemy,eng,224
